"file","title","harmonyCount","rawMainIdeas","uniqueMainIdeas","repeatedMainIdeas","exactRepeatedMainIdeas","groupedColorIdeas","rawLocalIdeas","uniqueLocalIdeas","repeatedLocalIdeas","totalVisibleCards","status","visibleIdeaNames"
"a child is born.musicxml","Untitled score","39","7","7","0","0","0","3","3","0","10","conjunto-distinto","Referência — Harmonia da partitura | Estratégia — Gramática funcional ii-V | Estratégia — Tonal Clássico | Estratégia — Cromático Linear | Estratégia — Centro de referência | Estratégia — Cromático Linear | Estratégia — Contraponto de Baixo | Compassos 17-24: Estratégia — Centro de referência | Compassos 18-25: Estratégia — Centro de referência | Compassos 19-26: Estratégia — Centro de referência"
"a fine romance.musicxml","Untitled score","41","6","6","0","0","0","3","3","0","9","conjunto-distinto","Referência — Harmonia da partitura | Estratégia — Gramática funcional ii-V | Estratégia — Gramática funcional ii-V | Estratégia — Cromático Linear | Estratégia — Centro de referência | Estratégia — Cromático Linear | Compassos 15-22: Estratégia — Centro de referência | Compassos 11-18: Estratégia — Centro de referência | Compassos 12-19: Estratégia — Harmonia básica I-IV-V"
"Actual proof.musicxml","Untitled score","20","7","7","0","0","0","3","3","0","10","conjunto-distinto","Referência — Harmonia da partitura | Estratégia — Gramática funcional ii-V | Estratégia — Tonal Clássico | Estratégia — Cromático Linear | Estratégia — Cromático Linear | Estratégia — Centro de referência | Estratégia — Contraponto de Baixo | Compassos 11-20: Estratégia — Centro de referência | Compassos 12-22: Estratégia — Centro de referência | Compassos 6-14: Estratégia — Centro de referência"
"affirmation.musicxml","Untitled score","21","5","5","0","0","0","3","3","0","8","conjunto-distinto","Referência — Harmonia da partitura | Estratégia — Centro de referência | Estratégia — Gramática funcional ii-V | Estratégia — Gramática funcional ii-V | Estratégia — Gramática funcional ii-V | Compassos 16-24: Estratégia — Centro de referência | Compassos 14-21: Estratégia — Melodia primeiro | Compassos 15-22: Estratégia — Centro de referência"
"african flower.musicxml","Untitled score","23","4","4","0","0","0","3","3","0","7","conjunto-distinto","Referência — Harmonia da partitura | Estratégia — Centro de referência | Estratégia — Gramática funcional ii-V | Estratégia — Gramática funcional ii-V | Compassos 32-39: Estratégia — Centro de referência | Compassos 33-40: Estratégia — Centro de referência | Compassos 4-11: Estratégia — Centro de referência"
"afro blue.musicxml","Untitled score","38","6","6","0","0","0","3","3","0","9","conjunto-distinto","Referência — Harmonia da partitura | Estratégia — Gramática funcional ii-V | Estratégia — Gramática funcional ii-V | Estratégia — Centro de referência | Rearmonização controlada — substituição funcional | Estratégia — Centro modal | Compassos 2-9: Estratégia — Contraponto de Baixo | Compassos 4-11: Estratégia — Centro de referência | Compassos 5-12: Estratégia — Centro de referência"
"afron-centric.musicxml","Untitled score","12","3","3","0","0","0","0","0","0","3","conjunto-distinto","Referência — Harmonia da partitura | Estratégia — Centro de referência | Estratégia — Gramática funcional ii-V"
"after you.musicxml","Untitled score","55","4","4","0","0","0","3","3","0","7","conjunto-distinto","Referência — Harmonia da partitura | Estratégia — Gramática funcional ii-V | Estratégia — Gramática funcional ii-V | Estratégia — Centro de referência | Compassos 14-21: Estratégia — Centro de referência | Compassos 15-22: Estratégia — Centro de referência | Compassos 16-23: Estratégia — Centro de referência"
"after you've gone.musicxml","Untitled score","34","13","11","2","2","0","3","3","0","14","repeticoes-removidas","Referência — Harmonia da partitura | Estratégia — Harmonia básica I-IV-V | Estratégia — Gramática funcional ii-V | Estratégia — Gramática funcional ii-V | Estratégia — Gramática funcional ii-V | Estratégia — Gramática funcional ii-V | Estratégia — Gramática funcional ii-V | Estratégia — Centro de referência | Estratégia — Tonal Clássico | Estratégia — Cromático Linear | Estratégia — Cromático Linear | Compassos 12-19: Estratégia — Centro de referência | Compassos 10-17: Estratégia — Centro de referência | Compassos 11-18: Estratégia — Centro de referência"
"afternoon in Paris.musicxml","Untitled score","39","7","7","0","0","0","3","3","0","10","conjunto-distinto","Referência — Harmonia da partitura | Estratégia — Centro de referência | Estratégia — Gramática funcional ii-V | Estratégia — Vamp dominante | Estratégia — Gramática funcional ii-V | Estratégia — Blues funcional | Estratégia — Centro modal | Compassos 2-9: Estratégia — Centro de referência | Compassos 3-10: Estratégia — Contraponto de Baixo | Compassos 7-14: Estratégia — Centro modal"
"Ain't it the truth.musicxml","Untitled score","36","10","8","2","2","0","3","3","0","11","repeticoes-removidas","Referência — Harmonia da partitura | Estratégia — Gramática funcional ii-V | Estratégia — Gramática funcional ii-V | Estratégia — Gramática funcional ii-V | Estratégia — Gramática funcional ii-V | Estratégia — Harmonia básica I-IV-V | Estratégia — Centro de referência | Estratégia — Contraponto de Baixo | Compassos 4-11: Estratégia — Centro de referência | Compassos 30-37: Estratégia — Centro de referência | Compassos 1-8: Estratégia — Gramática funcional ii-V"
"Ain't misbehavin.musicxml","Untitled score","50","5","5","0","0","0","3","3","0","8","conjunto-distinto","Referência — Harmonia da partitura | Estratégia — Centro de referência | Estratégia — Gramática funcional ii-V | Estratégia — Gramática funcional ii-V | Estratégia — Gramática funcional ii-V | Compassos 2-9: Estratégia — Centro de referência | Compassos 3-10: Estratégia — Centro de referência | Compassos 15-22: Estratégia — Centro de referência"
"Air mail special.musicxml","Untitled score","54","5","5","0","0","0","3","3","0","8","conjunto-distinto","Referência — Harmonia da partitura | Estratégia — Contraponto de Baixo | Estratégia — Harmonia básica I-IV-V | Estratégia — Centro de referência | Estratégia — Tonal Clássico | Compassos 2-9: Estratégia — Cromático Linear | Compassos 3-10: Estratégia — Dominantes secundárias | Compassos 4-11: Estratégia — Dominantes secundárias"
"Airegin.musicxml","Untitled score","46","4","4","0","0","0","3","3","0","7","conjunto-distinto","Referência — Harmonia da partitura | Estratégia — Centro de referência | Estratégia — Gramática funcional ii-V | Estratégia — Gramática funcional ii-V | Compassos 24-31: Estratégia — Centro de referência | Compassos 23-30: Estratégia — Centro de referência | Compassos 25-33: Estratégia — Centro de referência"
"asa branca.musicxml","Untitled score","0","4","4","0","0","0","0","0","0","4","conjunto-distinto","Estratégia — Melodia primeiro | Estratégia — Harmonia fundamental I-IV-V | Estratégia — Contraponto de Baixo | Estratégia — Tonal Clássico"
"autum leaves.musicxml","Autumn leaves","67","6","6","0","0","0","3","3","0","9","conjunto-distinto","Referência — Harmonia da partitura | Estratégia — Centro de referência | Estratégia — Gramática funcional ii-V | Estratégia — Gramática funcional ii-V | Estratégia — Gramática funcional ii-V | Estratégia — Gramática funcional ii-V | Compassos 29-36: Estratégia — Centro de referência | Compassos 30-37: Estratégia — Centro de referência | Compassos 31-38: Estratégia — Centro de referência"
"Bright Size Life.musicxml","Imported Score","18","4","4","0","0","0","3","3","0","7","conjunto-distinto","Referência — Harmonia da partitura | Rearmonização controlada — substituição funcional | Estratégia — Gramática funcional ii-V | Estratégia — Centro de referência | Compassos 4-11: Estratégia — Harmonia básica I-IV-V | Compassos 5-12: Estratégia — Centro de referência | Compassos 6-13: Estratégia — Centro modal"
"exemplo.musicxml","Untitled score","0","12","11","1","0","1","0","0","0","11","repeticoes-removidas","Estratégia — Dominantes secundárias | Estratégia — Ciclo de dominantes alteradas | Estratégia — Tonal Clássico | Estratégia — Contraponto de Baixo | Estratégia — Função aparente | Estratégia — Expansão funcional diatônica | Estratégia — Função aparente | Estratégia — Função aparente | Estratégia — Harmonia básica I-IV-V | Estratégia — Diminutos de passagem | Estratégia — SubV funcional"
"imported-real-book/a-002-A child is born.musicxml","A child is born","59","6","6","0","0","0","3","3","0","9","conjunto-distinto","Referência — Harmonia da partitura | Estratégia — Gramática funcional ii-V | Estratégia — Gramática funcional ii-V | Estratégia — Cromático Linear | Estratégia — Centro de referência | Estratégia — Cromático Linear | Compassos 15-22: Estratégia — Centro de referência | Compassos 18-25: Estratégia — Centro de referência | Compassos 10-17: Estratégia — Centro de referência"
"imported-real-book/a-004-Actual proof.musicxml","Actual proof","21","5","5","0","0","0","3","3","0","8","conjunto-distinto","Referência — Harmonia da partitura | Estratégia — Centro de referência | Estratégia — Gramática funcional ii-V | Estratégia — Gramática funcional ii-V | Estratégia — Gramática funcional ii-V | Compassos 16-24: Estratégia — Centro de referência | Compassos 14-21: Estratégia — Melodia primeiro | Compassos 15-22: Estratégia — Centro de referência"
"imported-real-book/a-005-Affirmation.musicxml","Affirmation","23","4","4","0","0","0","3","3","0","7","conjunto-distinto","Referência — Harmonia da partitura | Estratégia — Centro de referência | Estratégia — Gramática funcional ii-V | Estratégia — Gramática funcional ii-V | Compassos 31-38: Estratégia — Gramática funcional ii-V | Compassos 32-39: Estratégia — Centro de referência | Compassos 33-40: Estratégia — Centro de referência"
"imported-real-book/a-006-African flower.musicxml","African flower","49","6","6","0","0","0","3","3","0","9","conjunto-distinto","Referência — Harmonia da partitura | Estratégia — Gramática funcional ii-V | Estratégia — Gramática funcional ii-V | Estratégia — Centro de referência | Estratégia — Centro modal | Rearmonização controlada — substituição funcional | Compassos 8-15: Estratégia — Vamp dominante | Compassos 9-16: Estratégia — Vamp dominante | Compassos 11-25: Estratégia — Centro de referência"
"imported-real-book/a-007-Afro blue.musicxml","Afro blue","12","3","3","0","0","0","0","0","0","3","conjunto-distinto","Referência — Harmonia da partitura | Estratégia — Centro de referência | Estratégia — Gramática funcional ii-V"
"imported-real-book/a-008-Afro-centric.musicxml","Afro-centric","11","2","2","0","0","0","3","3","0","5","conjunto-distinto","Referência — Harmonia da partitura | Estratégia — Centro de referência | Compassos 19-26: Estratégia — Centro de referência | Compassos 17-24: Estratégia — Centro de referência | Compassos 18-25: Estratégia — Centro de referência"
"imported-real-book/a-009-Afro-centric.musicxml","Afro-centric","55","4","4","0","0","0","3","3","0","7","conjunto-distinto","Referência — Harmonia da partitura | Estratégia — Gramática funcional ii-V | Estratégia — Gramática funcional ii-V | Estratégia — Centro de referência | Compassos 14-21: Estratégia — Centro de referência | Compassos 15-22: Estratégia — Centro de referência | Compassos 16-23: Estratégia — Centro de referência"
"imported-real-book/a-010-After you.musicxml","After you","34","13","11","2","2","0","3","3","0","14","repeticoes-removidas","Referência — Harmonia da partitura | Estratégia — Harmonia básica I-IV-V | Estratégia — Gramática funcional ii-V | Estratégia — Gramática funcional ii-V | Estratégia — Gramática funcional ii-V | Estratégia — Gramática funcional ii-V | Estratégia — Gramática funcional ii-V | Estratégia — Centro de referência | Estratégia — Tonal Clássico | Estratégia — Cromático Linear | Estratégia — Cromático Linear | Compassos 12-19: Estratégia — Centro de referência | Compassos 10-17: Estratégia — Centro de referência | Compassos 11-18: Estratégia — Centro de referência"
"imported-real-book/a-011-After you've gone.musicxml","After you've gone","44","7","7","0","0","0","3","3","0","10","conjunto-distinto","Referência — Harmonia da partitura | Estratégia — Centro de referência | Estratégia — Gramática funcional ii-V | Estratégia — Vamp dominante | Estratégia — Gramática funcional ii-V | Estratégia — Blues funcional | Estratégia — Centro modal | Compassos 7-14: Estratégia — Centro modal | Compassos 13-20: Estratégia — Dominantes alteradas | Compassos 11-18: Estratégia — Centro de referência"
"imported-real-book/a-012-Afternoon in Paris.musicxml","Afternoon in Paris","36","10","8","2","2","0","3","3","0","11","repeticoes-removidas","Referência — Harmonia da partitura | Estratégia — Gramática funcional ii-V | Estratégia — Gramática funcional ii-V | Estratégia — Gramática funcional ii-V | Estratégia — Gramática funcional ii-V | Estratégia — Harmonia básica I-IV-V | Estratégia — Centro de referência | Estratégia — Contraponto de Baixo | Compassos 4-11: Estratégia — Centro de referência | Compassos 30-37: Estratégia — Centro de referência | Compassos 1-8: Estratégia — Gramática funcional ii-V"
"imported-real-book/a-013-Ain't it the truth.musicxml","Ain't it the truth","77","5","5","0","0","0","3","3","0","8","conjunto-distinto","Referência — Harmonia da partitura | Estratégia — Gramática funcional ii-V | Estratégia — Gramática funcional ii-V | Estratégia — Gramática funcional ii-V | Estratégia — Centro de referência | Compassos 15-22: Estratégia — Centro de referência | Compassos 16-23: Estratégia — Centro de referência | Compassos 17-24: Estratégia — Centro de referência"
"imported-real-book/a-014-Ain't misbehavin.musicxml","Ain't misbehavin","46","4","4","0","0","0","3","3","0","7","conjunto-distinto","Referência — Harmonia da partitura | Estratégia — Centro de referência | Estratégia — Gramática funcional ii-V | Estratégia — Gramática funcional ii-V | Compassos 24-31: Estratégia — Centro de referência | Compassos 23-30: Estratégia — Centro de referência | Compassos 25-33: Estratégia — Centro de referência"
"imported-real-book/a-015-Airegin.musicxml","Airegin","54","5","5","0","0","0","3","3","0","8","conjunto-distinto","Referência — Harmonia da partitura | Estratégia — Contraponto de Baixo | Estratégia — Harmonia básica I-IV-V | Estratégia — Centro de referência | Estratégia — Tonal Clássico | Compassos 2-9: Estratégia — Cromático Linear | Compassos 3-10: Estratégia — Dominantes secundárias | Compassos 4-11: Estratégia — Dominantes secundárias"
"imported-real-book/a-017-Aja.musicxml","Aja","51","7","7","0","0","0","3","3","0","10","conjunto-distinto","Referência — Harmonia da partitura | Estratégia — Centro de referência | Estratégia — Gramática funcional ii-V | Estratégia — Gramática funcional ii-V | Estratégia — Cromático Linear | Estratégia — Tonal Clássico | Estratégia — Cromático Linear | Compassos 7-14: Estratégia — Centro de referência | Compassos 9-16: Estratégia — Centro de referência | Compassos 10-17: Estratégia — Centro de referência"
"imported-real-book/a-019-Alfie.musicxml","Alfie","40","5","5","0","0","0","3","3","0","8","conjunto-distinto","Referência — Harmonia da partitura | Estratégia — Centro de referência | Estratégia — Gramática funcional ii-V | Estratégia — Gramática funcional ii-V | Estratégia — Gramática funcional ii-V | Compassos 2-9: Estratégia — Centro de referência | Compassos 18-25: Estratégia — Centro de referência | Compassos 3-10: Estratégia — Centro de referência"
"imported-real-book/a-020-Alfie's theme.musicxml","Alfie's theme","54","8","7","1","1","0","3","3","0","10","repeticoes-removidas","Referência — Harmonia da partitura | Estratégia — Centro de referência | Estratégia — Gramática funcional ii-V | Estratégia — Expansão funcional diatônica | Estratégia — Função aparente | Estratégia — Diminutos de passagem | Rearmonização controlada — substituição funcional | Compassos 26-33: Estratégia — Centro de referência | Compassos 27-34: Estratégia — Centro de referência | Compassos 28-35: Estratégia — Centro de referência"
"imported-real-book/a-021-Alice in wonderland.musicxml","Alice in wonderland","37","5","5","0","0","0","3","3","0","8","conjunto-distinto","Referência — Harmonia da partitura | Estratégia — Centro de referência | Estratégia — Gramática funcional ii-V | Estratégia — Gramática funcional ii-V | Estratégia — Centro modal | Compassos 11-18: Estratégia — Centro de referência | Compassos 12-19: Estratégia — Centro de referência | Compassos 13-20: Estratégia — Centro de referência"
"imported-real-book/a-022-All alone.musicxml","All alone","7","4","4","0","0","0","3","3","0","7","conjunto-distinto","Referência — Harmonia da partitura | Estratégia — Gramática funcional ii-V | Estratégia — Gramática funcional ii-V | Estratégia — Menor funcional | Compassos 4-11: Estratégia — Gramática funcional ii-V | Compassos 5-12: Estratégia — Tonal Clássico | Compassos 3-10: Estratégia — Melodia primeiro"
"imported-real-book/a-023-All blues.musicxml","All blues","45","4","4","0","0","0","3","3","0","7","conjunto-distinto","Referência — Harmonia da partitura | Estratégia — Centro de referência | Estratégia — Centro modal | Rearmonização controlada — substituição funcional | Compassos 24-31: Estratégia — Vamp dominante | Compassos 23-30: Estratégia — Harmonia básica I-IV-V | Compassos 25-32: Estratégia — Vamp dominante"
"imported-real-book/a-024-All in love is fair.musicxml","All in love is fair","45","2","2","0","0","0","3","3","0","5","conjunto-distinto","Referência — Harmonia da partitura | Estratégia — Centro de referência | Compassos 22-29: Estratégia — Centro de referência | Compassos 23-30: Estratégia — Centro de referência | Compassos 4-11: Estratégia — Centro de referência"
"imported-real-book/a-025-All my tomorrows.musicxml","All my tomorrows","24","6","6","0","0","0","3","3","0","9","conjunto-distinto","Referência — Harmonia da partitura | Estratégia — Centro de referência | Estratégia — Gramática funcional ii-V | Estratégia — Vamp dominante | Estratégia — Gramática funcional ii-V | Estratégia — Contraponto de Baixo | Compassos 25-32: Estratégia — Centro de referência | Compassos 24-31: Estratégia — Centro de referência | Compassos 23-30: Estratégia — Centro de referência"
"imported-real-book/a-026-All of me.musicxml","All of me","37","5","5","0","0","0","3","3","0","8","conjunto-distinto","Referência — Harmonia da partitura | Estratégia — Centro de referência | Estratégia — Vamp dominante | Estratégia — Gramática funcional ii-V | Rearmonização controlada — substituição funcional | Compassos 24-31: Estratégia — Centro modal | Compassos 25-32: Estratégia — Harmonia básica I-IV-V | Compassos 26-33: Estratégia — Centro de referência"
"imported-real-book/a-027-All of you.musicxml","All of you","88","6","6","0","0","0","3","3","0","9","conjunto-distinto","Referência — Harmonia da partitura | Estratégia — Centro de referência | Estratégia — Centro modal | Estratégia — Cromático Linear | Estratégia — Cromático Linear | Rearmonização controlada — substituição funcional | Compassos 15-22: Estratégia — Centro de referência | Compassos 16-23: Estratégia — Centro de referência | Compassos 13-20: Estratégia — Centro de referência"
"imported-real-book/a-028-All or nothing at all.musicxml","All or nothing at all","34","5","5","0","0","0","3","3","0","8","conjunto-distinto","Referência — Harmonia da partitura | Rearmonização controlada — substituição funcional | Estratégia — Gramática funcional ii-V | Estratégia — Gramática funcional ii-V | Estratégia — Centro de referência | Compassos 29-36: Estratégia — Centro de referência | Compassos 21-28: Estratégia — Centro de referência | Compassos 22-29: Estratégia — Centro de referência"
"imported-real-book/a-030-All the things you are.musicxml","All the things you are","38","8","8","0","0","0","3","3","0","11","conjunto-distinto","Referência — Harmonia da partitura | Estratégia — Gramática funcional ii-V | Estratégia — Gramática funcional ii-V | Estratégia — Gramática funcional ii-V | Estratégia — Cromático Linear | Estratégia — Centro de referência | Estratégia — Contraponto de Baixo | Estratégia — Tonal Clássico | Compassos 2-9: Estratégia — Centro de referência | Compassos 1-8: Estratégia — Tonal Clássico | Compassos 3-10: Estratégia — Centro de referência"
"imported-real-book/a-031-Almost like being in love.musicxml","Almost like being in love","44","6","6","0","0","0","3","3","0","9","conjunto-distinto","Referência — Harmonia da partitura | Estratégia — Centro de referência | Estratégia — Gramática funcional ii-V | Estratégia — Gramática funcional ii-V | Rearmonização controlada — substituição funcional | Estratégia — Centro modal | Compassos 5-12: Estratégia — Centro de referência | Compassos 6-13: Estratégia — Menor funcional | Compassos 7-14: Estratégia — Centro de referência"
"imported-real-book/a-032-Alone together.musicxml","Alone together","43","3","3","0","0","0","3","3","0","6","conjunto-distinto","Referência — Harmonia da partitura | Estratégia — Centro de referência | Rearmonização controlada — substituição funcional | Compassos 3-10: Estratégia — Centro de referência | Compassos 25-32: Estratégia — Centro de referência | Compassos 26-33: Estratégia — Centro de referência"
"imported-real-book/a-033-Along came Betty.musicxml","Along came Betty","58","4","4","0","0","0","3","3","0","7","conjunto-distinto","Referência — Harmonia da partitura | Estratégia — Centro de referência | Estratégia — Gramática funcional ii-V | Rearmonização controlada — substituição funcional | Compassos 17-24: Estratégia — Centro de referência | Compassos 18-25: Estratégia — Centro de referência | Compassos 19-26: Estratégia — Centro de referência"
"imported-real-book/a-034-Always and forever.musicxml","Always and forever","55","3","3","0","0","0","3","3","0","6","conjunto-distinto","Referência — Harmonia da partitura | Estratégia — Centro de referência | Estratégia — Tonal Clássico | Compassos 41-48: Estratégia — Centro de referência | Compassos 21-28: Estratégia — Centro de referência | Compassos 22-29: Estratégia — Centro de referência"
"imported-real-book/a-035-Ana Maria.musicxml","Ana Maria","61","4","4","0","0","0","3","2","1","6","repeticoes-removidas","Referência — Harmonia da partitura | Estratégia — Centro de referência | Estratégia — Cromático Linear | Estratégia — Cromático Linear | Compassos 18-25: Estratégia — Centro de referência | Compassos 15-22: Estratégia — Centro de referência"
"imported-real-book/a-037-Angel eyes.musicxml","Angel eyes","34","5","5","0","0","0","3","3","0","8","conjunto-distinto","Referência — Harmonia da partitura | Estratégia — Centro de referência | Estratégia — Gramática funcional ii-V | Rearmonização controlada — substituição funcional | Estratégia — Centro modal | Compassos 1-8: Estratégia — Centro de referência | Compassos 2-9: Estratégia — Centro de referência | Compassos 3-10: Estratégia — Centro de referência"
"imported-real-book/a-039-Another Time.musicxml","Another Time","49","5","5","0","0","0","3","3","0","8","conjunto-distinto","Referência — Harmonia da partitura | Estratégia — Gramática funcional ii-V | Estratégia — Gramática funcional ii-V | Estratégia — Centro de referência | Estratégia — Centro modal | Compassos 19-26: Estratégia — Harmonia básica I-IV-V | Compassos 3-10: Estratégia — Centro de referência | Compassos 1-8: Estratégia — Centro de referência"
"imported-real-book/a-040-Anthropology.musicxml","Anthropology","33","4","4","0","0","0","3","3","0","7","conjunto-distinto","Referência — Harmonia da partitura | Estratégia — Centro de referência | Estratégia — Gramática funcional ii-V | Estratégia — Gramática funcional ii-V | Compassos 2-9: Estratégia — Centro de referência | Compassos 4-11: Estratégia — Centro de referência | Compassos 1-8: Estratégia — Cromático Linear"
"imported-real-book/a-042-April.musicxml","April","46","2","2","0","0","0","3","3","0","5","conjunto-distinto","Referência — Harmonia da partitura | Estratégia — Centro de referência | Compassos 17-24: Estratégia — Centro de referência | Compassos 15-22: Estratégia — Centro de referência | Compassos 16-23: Estratégia — Centro de referência"
"imported-real-book/a-045-April in Paris.musicxml","April in Paris","25","3","3","0","0","0","3","3","0","6","conjunto-distinto","Referência — Harmonia da partitura | Estratégia — Centro de referência | Estratégia — Gramática funcional ii-V | Compassos 16-23: Estratégia — Centro de referência | Compassos 18-26: Estratégia — Centro de referência | Compassos 19-27: Estratégia — Centro de referência"
"imported-real-book/a-046-April joy.musicxml","April joy","37","3","3","0","0","0","3","3","0","6","conjunto-distinto","Referência — Harmonia da partitura | Estratégia — Centro de referência | Estratégia — Tonal Clássico | Compassos 22-29: Estratégia — Centro de referência | Compassos 23-30: Estratégia — Centro de referência | Compassos 28-35: Estratégia — Centro de referência"
"imported-real-book/a-047-Armando's rhumba.musicxml","Armando's rhumba","76","8","8","0","0","0","3","2","1","10","repeticoes-removidas","Referência — Harmonia da partitura | Estratégia — Tonal Clássico | Estratégia — Gramática funcional ii-V | Estratégia — Gramática funcional ii-V | Estratégia — Centro de referência | Estratégia — Cromático Linear | Estratégia — Cromático Linear | Estratégia — Contraponto de Baixo | Compassos 12-19: Estratégia — Tonal Clássico | Compassos 13-20: Estratégia — Dominantes secundárias"
"imported-real-book/a-048-As time goes by.musicxml","As time goes by","53","4","4","0","0","0","3","3","0","7","conjunto-distinto","Referência — Harmonia da partitura | Estratégia — Centro de referência | Estratégia — Gramática funcional ii-V | Estratégia — Diminutos de passagem | Compassos 14-21: Estratégia — Centro de referência | Compassos 13-20: Estratégia — Centro de referência | Compassos 15-22: Estratégia — Centro de referência"
"imported-real-book/a-049-Asa.musicxml","Asa","53","5","5","0","0","0","3","3","0","8","conjunto-distinto","Referência — Harmonia da partitura | Estratégia — Centro de referência | Estratégia — Gramática funcional ii-V | Estratégia — Gramática funcional ii-V | Estratégia — Centro modal | Compassos 14-21: Estratégia — Centro de referência | Compassos 13-20: Estratégia — Centro de referência | Compassos 15-22: Estratégia — Centro de referência"
"imported-real-book/a-052-Ask me now.musicxml","Ask me now","63","8","8","0","0","0","3","3","0","11","conjunto-distinto","Referência — Harmonia da partitura | Estratégia — Dominantes secundárias | Estratégia — Diminutos de passagem | Estratégia — Dominantes alteradas | Estratégia — Centro de referência | Rearmonização controlada — substituição funcional | Estratégia — Cromático Linear | Estratégia — Cromático Linear | Compassos 10-17: Estratégia — Vamp dominante | Compassos 11-18: Estratégia — Vamp dominante | Compassos 12-19: Estratégia — Vamp dominante"
"imported-real-book/a-053-At last.musicxml","At last","21","6","6","0","0","0","3","3","0","9","conjunto-distinto","Referência — Harmonia da partitura | Estratégia — Vamp dominante | Estratégia — Gramática funcional ii-V | Estratégia — Blues funcional | Estratégia — Centro de referência | Estratégia — Centro modal | Compassos 1-8: Estratégia — Centro de referência | Compassos 2-9: Estratégia — Centro de referência | Compassos 3-10: Estratégia — Centro de referência"
"imported-real-book/a-054-Au privave.musicxml","Au privave","54","4","4","0","0","0","3","3","0","7","conjunto-distinto","Referência — Harmonia da partitura | Estratégia — Centro de referência | Estratégia — Tonal Clássico | Estratégia — Centro modal | Compassos 14-22: Estratégia — Centro de referência | Compassos 15-23: Estratégia — Centro de referência | Compassos 16-24: Estratégia — Centro de referência"
"imported-real-book/a-055-Autumn in New York.musicxml","Autumn in New York","35","5","5","0","0","0","3","3","0","8","conjunto-distinto","Referência — Harmonia da partitura | Estratégia — Centro de referência | Estratégia — Gramática funcional ii-V | Estratégia — Gramática funcional ii-V | Rearmonização controlada — substituição funcional | Compassos 19-26: Estratégia — Centro de referência | Compassos 18-25: Estratégia — Centro de referência | Compassos 20-27: Estratégia — Harmonia básica I-IV-V"
"imported-real-book/a-056-Autumn leaves.musicxml","Autumn leaves","18","14","13","1","1","0","3","3","0","16","repeticoes-removidas","Referência — Harmonia da partitura | Rearmonização controlada — substituição funcional | Estratégia — Gramática funcional ii-V | Estratégia — Gramática funcional ii-V | Estratégia — Gramática funcional ii-V | Estratégia — Gramática funcional ii-V | Estratégia — Gramática funcional ii-V | Estratégia — Centro de referência | Estratégia — Expansão funcional diatônica | Estratégia — Função aparente | Estratégia — Função aparente | Estratégia — Diminutos de passagem | Estratégia — Cromático Linear | Compassos 24-31: Estratégia — Centro de referência | Compassos 25-32: Estratégia — Centro de referência | Compassos 6-13: Estratégia — Cromático Linear"
"imported-real-book/b-002-Baby It's Cold Outside.musicxml","Baby It's Cold Outside","19","5","5","0","0","0","3","3","0","8","conjunto-distinto","Referência — Harmonia da partitura | Estratégia — Gramática funcional ii-V | Rearmonização controlada — substituição funcional | Estratégia — Centro de referência | Estratégia — Centro modal | Compassos 8-15: Estratégia — Centro de referência | Compassos 9-16: Estratégia — Centro modal | Compassos 10-17: Estratégia — Centro de referência"
"imported-real-book/b-003-Bag's groove.musicxml","Bag's groove","40","8","8","0","0","0","3","3","0","11","conjunto-distinto","Referência — Harmonia da partitura | Estratégia — Tonal Clássico | Estratégia — Gramática funcional ii-V | Estratégia — Centro de referência | Estratégia — Contraponto de Baixo | Estratégia — Cromático Linear | Estratégia — Cromático Linear | Rearmonização controlada — substituição funcional | Compassos 1-8: Estratégia — Cromático Linear | Compassos 2-9: Estratégia — Centro de referência | Compassos 3-10: Estratégia — Centro de referência"
"imported-real-book/b-004-Ballin' the jack.musicxml","Ballin' the jack","13","2","2","0","0","0","3","3","0","5","conjunto-distinto","Referência — Harmonia da partitura | Estratégia — Centro de referência | Compassos 2-9: Estratégia — Centro modal | Compassos 1-8: Estratégia — Melodia primeiro | Compassos 3-10: Estratégia — Centro de referência"
"imported-real-book/b-005-Ba-lue Bolivar ba-lues are.musicxml","Ba-lue Bolivar ba-lues are","13","7","7","0","0","0","3","3","0","10","conjunto-distinto","Referência — Harmonia da partitura | Estratégia — Gramática funcional ii-V | Estratégia — Tonal Clássico | Estratégia — Cromático Linear | Estratégia — Centro de referência | Estratégia — Cromático Linear | Estratégia — Contraponto de Baixo | Compassos 4-11: Estratégia — Centro de referência | Compassos 5-12: Estratégia — Vamp dominante | Compassos 6-13: Estratégia — Centro de referência"
"imported-real-book/b-007-Basin street blues.musicxml","Basin street blues","58","5","5","0","0","0","3","3","0","8","conjunto-distinto","Referência — Harmonia da partitura | Estratégia — Centro de referência | Estratégia — Gramática funcional ii-V | Estratégia — Gramática funcional ii-V | Estratégia — Gramática funcional ii-V | Compassos 14-21: Estratégia — Menor funcional | Compassos 15-22: Estratégia — Centro de referência | Compassos 16-23: Estratégia — Centro de referência"
"imported-real-book/b-008-Be bop.musicxml","Be bop","25","6","6","0","0","0","3","3","0","9","conjunto-distinto","Referência — Harmonia da partitura | Estratégia — Centro de referência | Estratégia — Gramática funcional ii-V | Estratégia — Gramática funcional ii-V | Estratégia — Gramática funcional ii-V | Rearmonização controlada — substituição funcional | Compassos 12-19: Estratégia — Centro de referência | Compassos 9-16: Estratégia — Centro de referência | Compassos 11-18: Estratégia — Menor funcional"
"imported-real-book/b-009-Beautiful love.musicxml","Beautiful love","32","7","7","0","0","0","3","3","0","10","conjunto-distinto","Referência — Harmonia da partitura | Estratégia — Gramática funcional ii-V | Estratégia — Gramática funcional ii-V | Estratégia — Gramática funcional ii-V | Estratégia — Gramática funcional ii-V | Estratégia — Centro de referência | Rearmonização controlada — substituição funcional | Compassos 2-9: Estratégia — Centro de referência | Compassos 3-10: Estratégia — Centro de referência | Compassos 4-11: Estratégia — Cromático Linear"
"imported-real-book/b-010-Bemsha swing.musicxml","Bemsha swing","29","3","3","0","0","0","3","3","0","6","conjunto-distinto","Referência — Harmonia da partitura | Estratégia — Centro de referência | Estratégia — Gramática funcional ii-V | Compassos 10-17: Estratégia — Tonal Clássico | Compassos 8-15: Estratégia — Centro de referência | Compassos 11-18: Estratégia — Centro de referência"
"imported-real-book/b-011-Bernie's tune.musicxml","Bernie's tune","24","6","6","0","0","0","3","3","0","9","conjunto-distinto","Referência — Harmonia da partitura | Estratégia — Tonal Clássico | Estratégia — Centro de referência | Estratégia — Cromático Linear | Estratégia — Contraponto de Baixo | Estratégia — Cromático Linear | Compassos 10-18: Estratégia — Centro de referência | Compassos 11-19: Estratégia — Harmonia básica I-IV-V | Compassos 7-14: Estratégia — Vamp dominante"
"imported-real-book/b-012-Bessie's blues.musicxml","Bessie's blues","43","6","6","0","0","0","3","3","0","9","conjunto-distinto","Referência — Harmonia da partitura | Estratégia — Centro de referência | Estratégia — Gramática funcional ii-V | Estratégia — Gramática funcional ii-V | Rearmonização controlada — substituição funcional | Estratégia — Contraponto de Baixo | Compassos 16-23: Estratégia — Centro de referência | Compassos 17-24: Estratégia — Centro de referência | Compassos 18-25: Estratégia — Centro de referência"
"imported-real-book/b-013-Bewitched.musicxml","Bewitched","29","4","4","0","0","0","3","3","0","7","conjunto-distinto","Referência — Harmonia da partitura | Estratégia — Centro de referência | Estratégia — Centro modal | Rearmonização controlada — substituição funcional | Compassos 3-10: Estratégia — Centro de referência | Compassos 5-12: Estratégia — Centro de referência | Compassos 6-13: Estratégia — Centro de referência"
"imported-real-book/b-014-Billie's bounce.musicxml","Billie's bounce","13","3","3","0","0","0","3","3","0","6","conjunto-distinto","Referência — Harmonia da partitura | Estratégia — Gramática funcional ii-V | Estratégia — Centro de referência | Compassos 5-12: Estratégia — Centro de referência | Compassos 6-13: Estratégia — Centro de referência | Compassos 1-8: Estratégia — Gramática funcional ii-V"
"imported-real-book/b-019-Birk's works.musicxml","Birk's works","54","8","8","0","0","0","3","3","0","11","conjunto-distinto","Referência — Harmonia da partitura | Estratégia — Centro de referência | Estratégia — Gramática funcional ii-V | Estratégia — Gramática funcional ii-V | Estratégia — Gramática funcional ii-V | Estratégia — Cromático Linear | Estratégia — Cromático Linear | Rearmonização controlada — substituição funcional | Compassos 2-9: Estratégia — Tonal Clássico | Compassos 3-10: Estratégia — Centro de referência | Compassos 4-11: Estratégia — Centro de referência"
"imported-real-book/b-020-Birth of the blues.musicxml","Birth of the blues","32","4","4","0","0","0","3","3","0","7","conjunto-distinto","Referência — Harmonia da partitura | Estratégia — Centro de referência | Estratégia — Centro modal | Rearmonização controlada — substituição funcional | Compassos 16-23: Estratégia — Centro de referência | Compassos 15-22: Estratégia — Centro de referência | Compassos 14-21: Estratégia — Centro de referência"
"imported-real-book/b-021-Black and tan fantasy.musicxml","Black and tan fantasy","52","2","2","0","0","0","3","3","0","5","conjunto-distinto","Referência — Harmonia da partitura | Estratégia — Centro de referência | Compassos 2-9: Estratégia — Dominantes secundárias | Compassos 15-22: Estratégia — Centro de referência | Compassos 16-23: Estratégia — Centro de referência"
"imported-real-book/b-022-Black coffe.musicxml","Black coffe","27","3","3","0","0","0","3","3","0","6","conjunto-distinto","Referência — Harmonia da partitura | Estratégia — Gramática funcional ii-V | Estratégia — Centro de referência | Compassos 17-24: Estratégia — Centro de referência | Compassos 16-23: Estratégia — Gramática funcional ii-V | Compassos 15-22: Estratégia — Centro de referência"
"imported-real-book/b-024-Black nile.musicxml","Black nile","49","5","5","0","0","0","3","3","0","8","conjunto-distinto","Referência — Harmonia da partitura | Estratégia — Centro de referência | Estratégia — Gramática funcional ii-V | Estratégia — Gramática funcional ii-V | Rearmonização controlada — substituição funcional | Compassos 26-33: Estratégia — Centro de referência | Compassos 30-37: Estratégia — Centro de referência | Compassos 31-38: Estratégia — Centro de referência"
"imported-real-book/b-026-Black Orpheus.musicxml","Black Orpheus","66","5","3","2","2","0","3","3","0","6","repeticoes-removidas","Referência — Harmonia da partitura | Estratégia — Harmonia básica I-IV-V | Estratégia — Centro de referência | Compassos 1-8: Estratégia — Centro de referência | Compassos 2-9: Estratégia — Centro de referência | Compassos 16-23: Estratégia — Centro de referência"
"imported-real-book/b-027-Blame it on my youth.musicxml","Blame it on my youth","23","5","5","0","0","0","3","3","0","8","conjunto-distinto","Referência — Harmonia da partitura | Estratégia — Gramática funcional ii-V | Estratégia — Centro de referência | Rearmonização controlada — substituição funcional | Estratégia — Contraponto de Baixo | Compassos 5-12: Estratégia — Centro de referência | Compassos 6-13: Estratégia — Centro de referência | Compassos 7-14: Estratégia — Centro de referência"
"imported-real-book/b-028-Blessed relief.musicxml","Blessed relief","10","7","7","0","0","0","3","3","0","10","conjunto-distinto","Referência — Harmonia da partitura | Estratégia — Gramática funcional ii-V | Estratégia — Gramática funcional ii-V | Estratégia — Gramática funcional ii-V | Rearmonização controlada — substituição funcional | Estratégia — Centro de referência | Estratégia — Centro modal | Compassos 5-12: Estratégia — Centro de referência | Compassos 4-11: Estratégia — Melodia primeiro | Compassos 1-8: Estratégia — Menor funcional"
"imported-real-book/b-029-Bloomdido.musicxml","Bloomdido","13","6","6","0","0","0","3","3","0","9","conjunto-distinto","Referência — Harmonia da partitura | Estratégia — Centro de referência | Estratégia — Gramática funcional ii-V | Estratégia — Gramática funcional ii-V | Estratégia — Gramática funcional ii-V | Estratégia — Centro modal | Compassos 10-17: Estratégia — Centro de referência | Compassos 4-11: Estratégia — Centro de referência | Compassos 5-12: Estratégia — Dominantes alteradas"
"imported-real-book/b-030-Blue bossa.musicxml","Blue bossa","22","7","7","0","0","0","3","3","0","10","conjunto-distinto","Referência — Harmonia da partitura | Estratégia — Gramática funcional ii-V | Estratégia — Gramática funcional ii-V | Estratégia — Gramática funcional ii-V | Estratégia — Gramática funcional ii-V | Estratégia — Tonal Clássico | Estratégia — Centro de referência | Compassos 12-19: Estratégia — Tonal Clássico | Compassos 13-20: Estratégia — Centro de referência | Compassos 9-16: Estratégia — Centro de referência"
"imported-real-book/b-031-Blue Daniel.musicxml","Blue Daniel","16","5","5","0","0","0","3","3","0","8","conjunto-distinto","Referência — Harmonia da partitura | Estratégia — Centro de referência | Estratégia — Gramática funcional ii-V | Estratégia — Gramática funcional ii-V | Rearmonização controlada — substituição funcional | Compassos 1-8: Estratégia — Centro de referência | Compassos 2-9: Estratégia — Tonal Clássico | Compassos 3-10: Estratégia — Centro de referência"
"imported-real-book/b-032-Blue in green.musicxml","Blue in green","13","3","3","0","0","0","3","3","0","6","conjunto-distinto","Referência — Harmonia da partitura | Estratégia — Gramática funcional ii-V | Estratégia — Gramática funcional ii-V | Compassos 1-8: Estratégia — Melodia primeiro | Compassos 2-9: Estratégia — Melodia primeiro | Compassos 3-10: Estratégia — Gramática funcional ii-V"
"imported-real-book/b-033-Blue Monk.musicxml","Blue Monk","87","5","5","0","0","0","3","3","0","8","conjunto-distinto","Referência — Harmonia da partitura | Estratégia — Centro de referência | Estratégia — Dominantes secundárias | Estratégia — Dominantes alteradas | Estratégia — Tonal Clássico | Compassos 2-9: Estratégia — Dominantes secundárias | Compassos 3-10: Estratégia — Harmonia básica I-IV-V | Compassos 4-11: Estratégia — Centro de referência"
"imported-real-book/b-034-Blue moon.musicxml","Blue moon","43","11","9","2","2","0","3","2","1","11","repeticoes-removidas","Referência — Harmonia da partitura | Estratégia — Gramática funcional ii-V | Estratégia — Harmonia básica I-IV-V | Estratégia — Gramática funcional ii-V | Estratégia — Gramática funcional ii-V | Estratégia — Centro de referência | Estratégia — Expansão funcional diatônica | Estratégia — Cromático Linear | Estratégia — Cromático Linear | Compassos 2-9: Estratégia — Centro de referência | Compassos 3-10: Estratégia — Centro de referência"
"imported-real-book/b-035-Blue room.musicxml","Blue room","22","4","4","0","0","0","3","3","0","7","conjunto-distinto","Referência — Harmonia da partitura | Estratégia — Centro de referência | Rearmonização controlada — substituição funcional | Estratégia — Centro modal | Compassos 1-8: Estratégia — Harmonia básica I-IV-V | Compassos 2-9: Estratégia — Dominantes secundárias | Compassos 3-10: Estratégia — Centro de referência"
"imported-real-book/b-036-Blue trane.musicxml","Blue trane","39","10","10","0","0","0","3","3","0","13","conjunto-distinto","Referência — Harmonia da partitura | Estratégia — Dominantes secundárias | Estratégia — Expansão funcional diatônica | Estratégia — Função aparente | Estratégia — Diminutos de passagem | Estratégia — Dominantes alteradas | Estratégia — Centro de referência | Estratégia — SubV funcional | Estratégia — Contraponto de Baixo | Estratégia — Tonal Clássico | Compassos 16-23: Estratégia — Centro de referência | Compassos 17-24: Estratégia — Centro de referência | Compassos 18-25: Estratégia — Centro modal"
"imported-real-book/b-037-Blueberry hill.musicxml","Blueberry hill","19","7","7","0","0","0","3","3","0","10","conjunto-distinto","Referência — Harmonia da partitura | Estratégia — Vamp dominante | Estratégia — Gramática funcional ii-V | Estratégia — Gramática funcional ii-V | Estratégia — Gramática funcional ii-V | Estratégia — Centro de referência | Estratégia — Centro modal | Compassos 1-8: Estratégia — Centro de referência | Compassos 2-9: Estratégia — Centro de referência | Compassos 3-10: Estratégia — Menor funcional"
"imported-real-book/b-038-Blues for Alice.musicxml","Blues for Alice","20","5","5","0","0","0","3","3","0","8","conjunto-distinto","Referência — Harmonia da partitura | Estratégia — Centro de referência | Estratégia — Gramática funcional ii-V | Estratégia — Gramática funcional ii-V | Rearmonização controlada — substituição funcional | Compassos 1-8: Estratégia — Harmonia básica I-IV-V | Compassos 2-9: Estratégia — Centro de referência | Compassos 3-10: Estratégia — Centro de referência"
"imported-real-book/b-039-Bluesette.musicxml","Bluesette","55","4","4","0","0","0","3","3","0","7","conjunto-distinto","Referência — Harmonia da partitura | Estratégia — Gramática funcional ii-V | Estratégia — Gramática funcional ii-V | Estratégia — Centro de referência | Compassos 5-12: Estratégia — Centro de referência | Compassos 6-13: Estratégia — Centro de referência | Compassos 7-14: Estratégia — Centro de referência"
"imported-real-book/b-041-Bohemia after dark.musicxml","Bohemia after dark","20","5","5","0","0","0","3","3","0","8","conjunto-distinto","Referência — Harmonia da partitura | Estratégia — Gramática funcional ii-V | Estratégia — Gramática funcional ii-V | Estratégia — Gramática funcional ii-V | Estratégia — Centro de referência | Compassos 5-12: Estratégia — Centro de referência | Compassos 6-13: Estratégia — Centro modal | Compassos 10-17: Estratégia — Centro de referência"
"imported-real-book/b-042-Bolivia.musicxml","Bolivia","40","4","4","0","0","0","3","3","0","7","conjunto-distinto","Referência — Harmonia da partitura | Estratégia — Centro de referência | Estratégia — Gramática funcional ii-V | Estratégia — Gramática funcional ii-V | Compassos 14-21: Estratégia — Centro de referência | Compassos 15-22: Estratégia — Centro de referência | Compassos 16-23: Estratégia — Centro de referência"
"imported-real-book/b-043-Boplicity.musicxml","Boplicity","52","5","5","0","0","0","3","3","0","8","conjunto-distinto","Referência — Harmonia da partitura | Estratégia — Centro de referência | Estratégia — Gramática funcional ii-V | Estratégia — Gramática funcional ii-V | Estratégia — Gramática funcional ii-V | Compassos 2-9: Estratégia — Centro de referência | Compassos 16-23: Estratégia — Centro de referência | Compassos 18-25: Estratégia — Centro de referência"
"imported-real-book/b-046-Both sides of the coin.musicxml","Both sides of the coin","33","4","4","0","0","0","3","3","0","7","conjunto-distinto","Referência — Harmonia da partitura | Estratégia — Centro de referência | Estratégia — Gramática funcional ii-V | Rearmonização controlada — substituição funcional | Compassos 10-17: Estratégia — Centro de referência | Compassos 11-18: Estratégia — Centro de referência | Compassos 12-19: Estratégia — Harmonia básica I-IV-V"
"imported-real-book/b-050-Bud Powell.musicxml","Bud Powell","10","6","6","0","0","0","2","2","0","8","conjunto-distinto","Referência — Harmonia da partitura | Estratégia — Centro de referência | Estratégia — Gramática funcional ii-V | Estratégia — Gramática funcional ii-V | Estratégia — Gramática funcional ii-V | Estratégia — Gramática funcional ii-V | Compassos 2-10: Estratégia — Harmonia fundamental I-IV-V | Compassos 5-10: Estratégia — Melodia primeiro"
"imported-real-book/b-052-Bud's blues.musicxml","Bud's blues","40","2","2","0","0","0","3","3","0","5","conjunto-distinto","Referência — Harmonia da partitura | Estratégia — Centro de referência | Compassos 18-25: Estratégia — Centro de referência | Compassos 16-23: Estratégia — Centro de referência | Compassos 17-24: Estratégia — Centro de referência"
"imported-real-book/b-053-But beautyful.musicxml","But beautyful","9","9","9","0","0","0","3","3","0","12","conjunto-distinto","Referência — Harmonia da partitura | Estratégia — Gramática funcional ii-V | Estratégia — Dominantes secundárias | Estratégia — Diminutos de passagem | Estratégia — Centro de referência | Estratégia — Blues funcional | Estratégia — Tonal Clássico | Estratégia — Cromático Linear | Estratégia — Cromático Linear | Compassos 5-12: Estratégia — Blues funcional | Compassos 4-11: Estratégia — Melodia primeiro | Compassos 6-13: Estratégia — Tonal Clássico"
"imported-real-book/b-054-Buzzy.musicxml","Buzzy","49","4","4","0","0","0","3","3","0","7","conjunto-distinto","Referência — Harmonia da partitura | Estratégia — Tonal Clássico | Estratégia — Centro de referência | Estratégia — Contraponto de Baixo | Compassos 1-8: Estratégia — Cromático Linear | Compassos 2-9: Estratégia — Centro de referência | Compassos 3-10: Estratégia — Centro de referência"
"imported-real-book/c-002-Cantaloupe island.musicxml","Cantaloupe island","20","7","7","0","0","0","3","3","0","10","conjunto-distinto","Referência — Harmonia da partitura | Estratégia — Menor funcional | Estratégia — Gramática funcional ii-V | Rearmonização controlada — substituição funcional | Estratégia — Harmonia básica I-IV-V | Estratégia — ii-SubV7 cadencial | Estratégia — Centro de referência | Compassos 10-17: Estratégia — Centro de referência | Compassos 11-18: Estratégia — Centro de referência | Compassos 12-19: Estratégia — Centro de referência"
"imported-real-book/c-003-Caravan.musicxml","Caravan","23","5","5","0","0","0","3","3","0","8","conjunto-distinto","Referência — Harmonia da partitura | Estratégia — Gramática funcional ii-V | Estratégia — Gramática funcional ii-V | Estratégia — Tonal Clássico | Estratégia — Centro de referência | Compassos 9-16: Estratégia — Centro de referência | Compassos 8-15: Estratégia — Centro de referência | Compassos 3-10: Estratégia — Dominantes alteradas"
"imported-real-book/c-004-Careless love.musicxml","Careless love","6","3","3","0","0","0","3","3","0","6","conjunto-distinto","Referência — Harmonia da partitura | Estratégia — Centro de referência | Estratégia — Centro modal | Compassos 4-11: Estratégia — Centro de referência | Compassos 5-12: Estratégia — Centro de referência | Compassos 3-10: Estratégia — Centro de referência"
"imported-real-book/c-005-Cariba.musicxml","Cariba","21","5","5","0","0","0","3","3","0","8","conjunto-distinto","Referência — Harmonia da partitura | Estratégia — Gramática funcional ii-V | Estratégia — Centro de referência | Rearmonização controlada — substituição funcional | Estratégia — Centro modal | Compassos 18-25: Estratégia — Centro de referência | Compassos 19-26: Estratégia — Melodia primeiro | Compassos 20-27: Estratégia — Melodia primeiro"
"imported-real-book/c-006-Casa forte.musicxml","Casa forte","30","9","9","0","0","0","3","3","0","12","conjunto-distinto","Referência — Harmonia da partitura | Estratégia — Centro de referência | Estratégia — Gramática funcional ii-V | Estratégia — Gramática funcional ii-V | Estratégia — Gramática funcional ii-V | Rearmonização controlada — substituição funcional | Estratégia — Centro modal | Estratégia — Cromático Linear | Estratégia — Cromático Linear | Compassos 2-17: Estratégia — Centro de referência | Compassos 3-18: Estratégia — Centro de referência | Compassos 4-19: Estratégia — Centro de referência"
"imported-real-book/c-008-Cedar's blues.musicxml","Cedar's blues","33","2","2","0","0","0","3","3","0","5","conjunto-distinto","Referência — Harmonia da partitura | Estratégia — Centro de referência | Compassos 6-13: Estratégia — Vamp dominante | Compassos 7-14: Estratégia — Vamp dominante | Compassos 5-12: Estratégia — Centro de referência"
"imported-real-book/c-009-Celia.musicxml","Celia","76","3","3","0","0","0","3","3","0","6","conjunto-distinto","Referência — Harmonia da partitura | Estratégia — Centro de referência | Rearmonização controlada — substituição funcional | Compassos 10-17: Estratégia — Centro de referência | Compassos 11-18: Estratégia — Centro de referência | Compassos 20-27: Estratégia — Centro de referência"
"imported-real-book/c-010-Central park west.musicxml","Central park west","33","8","8","0","0","0","3","3","0","11","conjunto-distinto","Referência — Harmonia da partitura | Estratégia — Centro de referência | Estratégia — Vamp dominante | Rearmonização controlada — substituição funcional | Estratégia — Centro modal | Estratégia — Tonal Clássico | Estratégia — Cromático Linear | Estratégia — Cromático Linear | Compassos 15-22: Estratégia — Centro de referência | Compassos 2-9: Estratégia — Centro de referência | Compassos 13-20: Estratégia — Centro de referência"
"imported-real-book/c-012-A certain smile.musicxml","A certain smile","9","2","2","0","0","0","3","3","0","5","conjunto-distinto","Referência — Harmonia da partitura | Estratégia — Gramática funcional ii-V | Compassos 4-11: Estratégia — Gramática funcional ii-V | Compassos 5-12: Estratégia — Centro de referência | Compassos 3-10: Estratégia — Centro de referência"
"imported-real-book/c-013-Chameleon.musicxml","Chameleon","73","9","9","0","0","0","3","2","1","11","repeticoes-removidas","Referência — Harmonia da partitura | Estratégia — Centro de referência | Estratégia — Gramática funcional ii-V | Estratégia — Gramática funcional ii-V | Estratégia — Gramática funcional ii-V | Estratégia — Contraponto de Baixo | Estratégia — Tonal Clássico | Estratégia — Cromático Linear | Estratégia — Cromático Linear | Compassos 2-9: Estratégia — Centro de referência | Compassos 3-10: Estratégia — Centro de referência"
"imported-real-book/c-015-Chega de saudade.musicxml","Chega de saudade","69","2","2","0","0","0","3","3","0","5","conjunto-distinto","Referência — Harmonia da partitura | Estratégia — Centro de referência | Compassos 15-22: Estratégia — Centro de referência | Compassos 13-20: Estratégia — Centro de referência | Compassos 14-21: Estratégia — Centro de referência"
"imported-real-book/c-017-Cherokee.musicxml","Cherokee","15","8","8","0","0","0","3","3","0","11","conjunto-distinto","Referência — Harmonia da partitura | Estratégia — Centro de referência | Estratégia — Vamp dominante | Estratégia — Gramática funcional ii-V | Estratégia — Gramática funcional ii-V | Estratégia — Contraponto de Baixo | Estratégia — Centro modal | Estratégia — Tonal Clássico | Compassos 4-11: Estratégia — Centro de referência | Compassos 5-12: Estratégia — Centro de referência | Compassos 3-10: Estratégia — Centro de referência"
"imported-real-book/c-018-Cheryl.musicxml","Cheryl","26","6","6","0","0","0","3","3","0","9","conjunto-distinto","Referência — Harmonia da partitura | Estratégia — Centro de referência | Estratégia — Gramática funcional ii-V | Estratégia — Gramática funcional ii-V | Rearmonização controlada — substituição funcional | Estratégia — Centro modal | Compassos 1-8: Estratégia — Centro de referência | Compassos 2-9: Estratégia — Tonal Clássico | Compassos 3-10: Estratégia — Centro de referência"
"imported-real-book/c-020-Chick's tune.musicxml","Chick's tune","6","5","5","0","0","0","0","0","0","5","conjunto-distinto","Referência — Harmonia da partitura | Estratégia — Centro de referência | Estratégia — Gramática funcional ii-V | Estratégia — Gramática funcional ii-V | Estratégia — Gramática funcional ii-V"
"imported-real-book/c-021-Chief Crazy Horse.musicxml","Chief Crazy Horse","44","7","7","0","0","0","3","3","0","10","conjunto-distinto","Referência — Harmonia da partitura | Estratégia — Centro de referência | Estratégia — Tonal Clássico | Estratégia — Contraponto de Baixo | Estratégia — Cromático Linear | Estratégia — Cromático Linear | Rearmonização controlada — substituição funcional | Compassos 8-15: Estratégia — Centro de referência | Compassos 9-16: Estratégia — Centro de referência | Compassos 11-18: Estratégia — Centro de referência"
"imported-real-book/c-022-Come rain or come shine.musicxml","Come rain or come shine","36","10","10","0","0","0","3","3","0","13","conjunto-distinto","Referência — Harmonia da partitura | Estratégia — Gramática funcional ii-V | Estratégia — Gramática funcional ii-V | Estratégia — Gramática funcional ii-V | Estratégia — Gramática funcional ii-V | Estratégia — Tonal Clássico | Estratégia — Centro de referência | Estratégia — Cromático Linear | Estratégia — Cromático Linear | Estratégia — Contraponto de Baixo | Compassos 7-14: Estratégia — Tonal Clássico | Compassos 8-15: Estratégia — Tonal Clássico | Compassos 2-9: Estratégia — Centro de referência"
"imported-real-book/c-024-Comin' home baby.musicxml","Comin' home baby","21","3","3","0","0","0","3","3","0","6","conjunto-distinto","Referência — Harmonia da partitura | Estratégia — Centro de referência | Rearmonização controlada — substituição funcional | Compassos 1-8: Estratégia — Centro de referência | Compassos 2-9: Estratégia — Centro de referência | Compassos 3-10: Estratégia — Centro de referência"
"imported-real-book/c-025-Con Alma.musicxml","Con Alma","57","8","8","0","0","0","3","3","0","11","conjunto-distinto","Referência — Harmonia da partitura | Estratégia — Gramática funcional ii-V | Estratégia — Gramática funcional ii-V | Estratégia — Gramática funcional ii-V | Estratégia — Centro de referência | Estratégia — Tonal Clássico | Estratégia — Cromático Linear | Estratégia — Cromático Linear | Compassos 2-9: Estratégia — Centro de referência | Compassos 3-10: Estratégia — Centro de referência | Compassos 17-24: Estratégia — Centro de referência"
"imported-real-book/c-026-Confessin' that i love you.musicxml","Confessin' that i love you","48","4","4","0","0","0","3","3","0","7","conjunto-distinto","Referência — Harmonia da partitura | Estratégia — Dominantes alteradas | Estratégia — Centro de referência | Rearmonização controlada — substituição funcional | Compassos 11-18: Estratégia — Centro de referência | Compassos 12-19: Estratégia — Centro de referência | Compassos 13-20: Estratégia — Centro de referência"
"imported-real-book/c-027-Confirmation.musicxml","Confirmation","26","6","6","0","0","0","3","3","0","9","conjunto-distinto","Referência — Harmonia da partitura | Rearmonização controlada — substituição funcional | Estratégia — Centro de referência | Estratégia — Contraponto de Baixo | Estratégia — Tonal Clássico | Estratégia — SubV funcional | Compassos 1-11: Estratégia — Contraponto de Baixo | Compassos 17-25: Estratégia — Centro de referência | Compassos 2-12: Estratégia — Centro de referência"
"imported-real-book/c-028-Coquette.musicxml","Coquette","40","9","9","0","0","0","3","3","0","12","conjunto-distinto","Referência — Harmonia da partitura | Estratégia — Tonal Clássico | Estratégia — Gramática funcional ii-V | Estratégia — Gramática funcional ii-V | Estratégia — Gramática funcional ii-V | Estratégia — Centro de referência | Estratégia — Cromático Linear | Estratégia — Cromático Linear | Estratégia — Contraponto de Baixo | Compassos 1-8: Estratégia — Tonal Clássico | Compassos 2-9: Estratégia — Centro de referência | Compassos 3-10: Estratégia — Centro de referência"
"imported-real-book/c-029-Corcovado.musicxml","Corcovado","42","7","7","0","0","0","3","3","0","10","conjunto-distinto","Referência — Harmonia da partitura | Estratégia — Centro de referência | Estratégia — Harmonia básica I-IV-V | Estratégia — Tonal Clássico | Estratégia — Cromático Linear | Estratégia — Contraponto de Baixo | Estratégia — Cromático Linear | Compassos 2-9: Estratégia — Centro de referência | Compassos 16-23: Estratégia — Centro de referência | Compassos 17-24: Estratégia — Centro de referência"
"imported-real-book/c-030-Corner pocket.musicxml","Corner pocket","35","6","6","0","0","0","3","3","0","9","conjunto-distinto","Referência — Harmonia da partitura | Estratégia — Gramática funcional ii-V | Estratégia — Gramática funcional ii-V | Estratégia — Gramática funcional ii-V | Estratégia — Gramática funcional ii-V | Estratégia — Centro de referência | Compassos 6-21: Estratégia — Centro de referência | Compassos 2-9: Estratégia — Centro de referência | Compassos 3-18: Estratégia — Centro de referência"
"imported-real-book/c-031-Cottontail.musicxml","Cottontail","39","11","9","2","2","0","3","3","0","12","repeticoes-removidas","Referência — Harmonia da partitura | Estratégia — Gramática funcional ii-V | Estratégia — Gramática funcional ii-V | Estratégia — Centro de referência | Estratégia — Harmonia básica I-IV-V | Estratégia — Tonal Clássico | Estratégia — Cromático Linear | Estratégia — Cromático Linear | Estratégia — Contraponto de Baixo | Compassos 13-20: Estratégia — Centro de referência | Compassos 8-15: Estratégia — Centro de referência | Compassos 9-16: Estratégia — Centro de referência"
"imported-real-book/c-032-Count every star.musicxml","Count every star","6","14","12","2","2","0","3","3","0","15","repeticoes-removidas","Referência — Harmonia da partitura | Estratégia — Harmonia básica I-IV-V | Estratégia — Dominantes secundárias | Estratégia — Expansão funcional diatônica | Estratégia — Diminutos de passagem | Estratégia — Função aparente | Estratégia — Centro modal | Estratégia — Dominantes alteradas | Estratégia — Contraponto de Baixo | Estratégia — Tonal Clássico | Estratégia — Cromático Linear | Estratégia — Cromático Linear | Compassos 4-11: Estratégia — Centro modal | Compassos 5-12: Estratégia — Harmonia básica I-IV-V | Compassos 3-10: Estratégia — Gramática funcional ii-V"
"imported-real-book/c-033-Cousin Mary.musicxml","Cousin Mary","32","6","6","0","0","0","3","3","0","9","conjunto-distinto","Referência — Harmonia da partitura | Estratégia — Centro de referência | Estratégia — Vamp dominante | Estratégia — Gramática funcional ii-V | Estratégia — Gramática funcional ii-V | Estratégia — Centro modal | Compassos 1-9: Estratégia — Vamp dominante | Compassos 16-23: Estratégia — Centro de referência | Compassos 2-10: Estratégia — Centro de referência"
"imported-real-book/c-034-Crazeology.musicxml","Crazeology","51","6","6","0","0","0","3","3","0","9","conjunto-distinto","Referência — Harmonia da partitura | Estratégia — Vamp dominante | Estratégia — Gramática funcional ii-V | Estratégia — Gramática funcional ii-V | Estratégia — Centro de referência | Estratégia — Contraponto de Baixo | Compassos 17-24: Estratégia — Centro de referência | Compassos 1-8: Estratégia — Blues funcional | Compassos 2-9: Estratégia — Centro de referência"
"imported-real-book/c-035-Cry me a river.musicxml","Cry me a river","46","5","5","0","0","0","3","3","0","8","conjunto-distinto","Referência — Harmonia da partitura | Estratégia — Centro de referência | Estratégia — Gramática funcional ii-V | Estratégia — Gramática funcional ii-V | Estratégia — Centro modal | Compassos 29-36: Estratégia — Centro de referência | Compassos 30-37: Estratégia — Harmonia básica I-IV-V | Compassos 26-33: Estratégia — Centro de referência"
"imported-real-book/c-036-Crystal silence.musicxml","Crystal silence","47","5","5","0","0","0","3","3","0","8","conjunto-distinto","Referência — Harmonia da partitura | Estratégia — Gramática funcional ii-V | Estratégia — Centro de referência | Estratégia — Blues funcional | Estratégia — Centro modal | Compassos 7-14: Estratégia — Centro de referência | Compassos 8-15: Estratégia — Centro de referência | Compassos 6-13: Estratégia — Dominantes secundárias"
"imported-real-book/d-002-D natural blues.musicxml","D natural blues","38","5","5","0","0","0","3","3","0","8","conjunto-distinto","Referência — Harmonia da partitura | Estratégia — Centro de referência | Estratégia — Vamp dominante | Estratégia — Centro modal | Rearmonização controlada — substituição funcional | Compassos 17-24: Estratégia — Centro de referência | Compassos 18-25: Estratégia — Centro de referência | Compassos 19-26: Estratégia — Centro de referência"
"imported-real-book/d-003-Daahood.musicxml","Daahood","38","6","6","0","0","0","3","3","0","9","conjunto-distinto","Referência — Harmonia da partitura | Estratégia — Gramática funcional ii-V | Estratégia — Gramática funcional ii-V | Estratégia — Centro de referência | Estratégia — Tonal Clássico | Rearmonização controlada — substituição funcional | Compassos 6-13: Estratégia — Centro de referência | Compassos 7-14: Estratégia — Centro de referência | Compassos 8-15: Estratégia — Centro de referência"
"imported-real-book/d-004-Dancing in the dark.musicxml","Dancing in the dark","35","7","7","0","0","0","3","3","0","10","conjunto-distinto","Referência — Harmonia da partitura | Estratégia — Gramática funcional ii-V | Estratégia — Centro de referência | Estratégia — Tonal Clássico | Estratégia — Contraponto de Baixo | Estratégia — Cromático Linear | Estratégia — Cromático Linear | Compassos 1-8: Estratégia — Cromático Linear | Compassos 2-9: Estratégia — Centro de referência | Compassos 3-10: Estratégia — Centro de referência"
"imported-real-book/d-005-Dancing on the ceiling.musicxml","Dancing on the ceiling","58","5","5","0","0","0","3","3","0","8","conjunto-distinto","Referência — Harmonia da partitura | Estratégia — Centro de referência | Estratégia — Gramática funcional ii-V | Estratégia — Gramática funcional ii-V | Rearmonização controlada — substituição funcional | Compassos 1-8: Estratégia — Centro de referência | Compassos 2-9: Estratégia — Centro de referência | Compassos 3-10: Estratégia — Tonal Clássico"
"imported-real-book/d-006-Darn that dream.musicxml","Darn that dream","37","4","4","0","0","0","3","3","0","7","conjunto-distinto","Referência — Harmonia da partitura | Estratégia — Centro de referência | Estratégia — Gramática funcional ii-V | Estratégia — Gramática funcional ii-V | Compassos 11-18: Estratégia — Centro de referência | Compassos 9-16: Estratégia — Centro de referência | Compassos 10-17: Estratégia — Centro de referência"
"imported-real-book/d-008-Day of wine and roses.musicxml","Day of wine and roses","36","1","1","0","0","0","3","3","0","4","conjunto-distinto","Referência — Harmonia da partitura | Compassos 10-17: Estratégia — Centro de referência | Compassos 11-18: Estratégia — Centro de referência | Compassos 12-19: Estratégia — Centro de referência"
"imported-real-book/d-009-Dear John.musicxml","Dear John","33","2","2","0","0","0","3","3","0","5","conjunto-distinto","Referência — Harmonia da partitura | Estratégia — Centro de referência | Compassos 16-23: Estratégia — Centro de referência | Compassos 17-24: Estratégia — Centro de referência | Compassos 18-25: Estratégia — Centro de referência"
"imported-real-book/d-010-Dear old Stockholm.musicxml","Dear old Stockholm","27","6","6","0","0","0","3","3","0","9","conjunto-distinto","Referência — Harmonia da partitura | Estratégia — Centro de referência | Estratégia — Gramática funcional ii-V | Estratégia — Gramática funcional ii-V | Estratégia — Gramática funcional ii-V | Estratégia — Contraponto de Baixo | Compassos 5-12: Estratégia — Centro de referência | Compassos 6-13: Estratégia — Centro de referência | Compassos 7-14: Estratégia — Centro de referência"
"imported-real-book/d-011-Dearly beloved.musicxml","Dearly beloved","30","4","4","0","0","0","3","3","0","7","conjunto-distinto","Referência — Harmonia da partitura | Estratégia — Centro de referência | Estratégia — Tonal Clássico | Estratégia — SubV funcional | Compassos 3-10: Estratégia — Centro de referência | Compassos 4-11: Estratégia — Centro de referência | Compassos 2-9: Estratégia — Dominantes secundárias"
"imported-real-book/d-012-Deed i do.musicxml","Deed i do","43","4","4","0","0","0","3","3","0","7","conjunto-distinto","Referência — Harmonia da partitura | Estratégia — Vamp dominante | Estratégia — Gramática funcional ii-V | Estratégia — Centro de referência | Compassos 27-34: Estratégia — Centro de referência | Compassos 10-17: Estratégia — Centro de referência | Compassos 11-18: Estratégia — Centro de referência"
"imported-real-book/d-013-Deep purple.musicxml","Deep purple","24","3","3","0","0","0","3","3","0","6","conjunto-distinto","Referência — Harmonia da partitura | Estratégia — Gramática funcional ii-V | Estratégia — Centro de referência | Compassos 14-21: Estratégia — Centro de referência | Compassos 15-22: Estratégia — Gramática funcional ii-V | Compassos 10-17: Estratégia — Centro de referência"
"imported-real-book/d-014-Deluge.musicxml","Deluge","29","2","2","0","0","0","3","3","0","5","conjunto-distinto","Referência — Harmonia da partitura | Estratégia — Centro de referência | Compassos 5-12: Estratégia — Centro de referência | Compassos 6-13: Estratégia — Centro de referência | Compassos 15-22: Estratégia — Centro de referência"
"imported-real-book/d-015-Desafinado.musicxml","Desafinado","78","5","5","0","0","0","3","3","0","8","conjunto-distinto","Referência — Harmonia da partitura | Estratégia — Gramática funcional ii-V | Estratégia — Gramática funcional ii-V | Estratégia — Gramática funcional ii-V | Estratégia — Centro de referência | Compassos 48-55: Estratégia — Centro de referência | Compassos 29-36: Estratégia — Centro de referência | Compassos 30-37: Estratégia — Centro de referência"
"imported-real-book/d-017-Detour ahead.musicxml","Detour ahead","40","8","8","0","0","0","3","3","0","11","conjunto-distinto","Referência — Harmonia da partitura | Estratégia — Gramática funcional ii-V | Estratégia — Gramática funcional ii-V | Estratégia — Cromático Linear | Estratégia — Centro de referência | Estratégia — Cromático Linear | Estratégia — Tonal Clássico | Estratégia — Contraponto de Baixo | Compassos 2-9: Estratégia — Centro de referência | Compassos 4-11: Estratégia — Centro de referência | Compassos 5-12: Estratégia — Centro de referência"
"imported-real-book/d-018-Dexterity.musicxml","Dexterity","36","11","10","1","0","1","3","3","0","13","repeticoes-removidas","Referência — Harmonia da partitura | Estratégia — Dominantes secundárias | Estratégia — Gramática funcional ii-V | Estratégia — Diminutos de passagem | Estratégia — Expansão funcional diatônica | Estratégia — Centro de referência | Rearmonização controlada — substituição funcional | Estratégia — Tonal Clássico | Estratégia — Cromático Linear | Estratégia — Cromático Linear | Compassos 12-20: Estratégia — Cromático Linear | Compassos 13-21: Estratégia — Centro de referência | Compassos 14-22: Estratégia — Centro de referência"
"imported-real-book/d-019-Dinah.musicxml","Dinah","40","3","3","0","0","0","3","3","0","6","conjunto-distinto","Referência — Harmonia da partitura | Estratégia — Centro de referência | Rearmonização controlada — substituição funcional | Compassos 18-25: Estratégia — Centro de referência | Compassos 19-26: Estratégia — Centro de referência | Compassos 20-27: Estratégia — Centro de referência"
"imported-real-book/d-020-Dindi.musicxml","Dindi","52","5","5","0","0","0","3","3","0","8","conjunto-distinto","Referência — Harmonia da partitura | Estratégia — Gramática funcional ii-V | Estratégia — Gramática funcional ii-V | Estratégia — Gramática funcional ii-V | Estratégia — Centro de referência | Compassos 7-14: Estratégia — Tonal Clássico | Compassos 6-13: Estratégia — Centro de referência | Compassos 8-15: Estratégia — Centro de referência"
"imported-real-book/d-021-Do nothing'til you hear from me.musicxml","Do nothing'til you hear from me","53","6","6","0","0","0","3","3","0","9","conjunto-distinto","Referência — Harmonia da partitura | Estratégia — Centro de referência | Estratégia — Gramática funcional ii-V | Estratégia — Gramática funcional ii-V | Estratégia — Gramática funcional ii-V | Estratégia — Tonal Clássico | Compassos 6-13: Estratégia — Centro de referência | Compassos 7-14: Estratégia — Centro de referência | Compassos 10-17: Estratégia — Centro de referência"
"imported-real-book/d-022-Do you know what it means to miss New Orleans -.musicxml","Do you know what it means to miss New Orleans ?","37","3","3","0","0","0","3","3","0","6","conjunto-distinto","Referência — Harmonia da partitura | Estratégia — Vamp dominante | Estratégia — Centro de referência | Compassos 21-28: Estratégia — Centro de referência | Compassos 22-29: Estratégia — Centro de referência | Compassos 23-30: Estratégia — Gramática funcional ii-V"
"imported-real-book/d-023-Dolphin dance.musicxml","Dolphin dance","40","9","7","2","2","0","3","3","0","10","repeticoes-removidas","Referência — Harmonia da partitura | Estratégia — Harmonia básica I-IV-V | Estratégia — Gramática funcional ii-V | Estratégia — Gramática funcional ii-V | Estratégia — Gramática funcional ii-V | Estratégia — Gramática funcional ii-V | Estratégia — Centro de referência | Compassos 30-37: Estratégia — Centro de referência | Compassos 31-38: Estratégia — Centro de referência | Compassos 12-19: Estratégia — Centro de referência"
"imported-real-book/d-025-Donna Lee.musicxml","Donna Lee","44","4","4","0","0","0","3","3","0","7","conjunto-distinto","Referência — Harmonia da partitura | Estratégia — Gramática funcional ii-V | Estratégia — Gramática funcional ii-V | Estratégia — Centro de referência | Compassos 1-8: Estratégia — Dominantes secundárias | Compassos 3-10: Estratégia — Centro de referência | Compassos 2-9: Estratégia — Tonal Clássico"
"imported-real-book/d-026-Don't blame me.musicxml","Don't blame me","45","8","7","1","0","1","3","3","0","10","repeticoes-removidas","Referência — Harmonia da partitura | Estratégia — Gramática funcional ii-V | Estratégia — Dominantes secundárias | Estratégia — Diminutos de passagem | Estratégia — Expansão funcional diatônica | Estratégia — Centro de referência | Estratégia — Contraponto de Baixo | Compassos 13-20: Estratégia — Centro de referência | Compassos 15-22: Estratégia — Centro de referência | Compassos 16-23: Estratégia — Centro de referência"
"imported-real-book/d-028-Don't go to strangers.musicxml","Don't go to strangers","43","7","7","0","0","0","3","3","0","10","conjunto-distinto","Referência — Harmonia da partitura | Estratégia — Gramática funcional ii-V | Estratégia — Gramática funcional ii-V | Estratégia — Gramática funcional ii-V | Estratégia — Gramática funcional ii-V | Estratégia — Harmonia básica I-IV-V | Estratégia — Centro de referência | Compassos 14-21: Estratégia — Harmonia básica I-IV-V | Compassos 12-19: Estratégia — Dominantes secundárias | Compassos 13-20: Estratégia — Centro de referência"
"imported-real-book/d-029-Don't take your love from me.musicxml","Don't take your love from me","31","6","6","0","0","0","3","3","0","9","conjunto-distinto","Referência — Harmonia da partitura | Estratégia — Cromático Linear | Estratégia — Centro de referência | Estratégia — Cromático Linear | Estratégia — Tonal Clássico | Estratégia — Contraponto de Baixo | Compassos 13-20: Estratégia — Gramática funcional ii-V | Compassos 14-21: Estratégia — Melodia primeiro | Compassos 15-22: Estratégia — Melodia primeiro"
"imported-real-book/d-030-Doodlin'.musicxml","Doodlin'","41","7","7","0","0","0","3","3","0","10","conjunto-distinto","Referência — Harmonia da partitura | Estratégia — Centro de referência | Estratégia — Tonal Clássico | Estratégia — Contraponto de Baixo | Estratégia — Cromático Linear | Estratégia — Cromático Linear | Rearmonização controlada — substituição funcional | Compassos 27-34: Estratégia — Centro de referência | Compassos 25-32: Estratégia — Centro de referência | Compassos 26-33: Estratégia — Centro de referência"
"imported-real-book/d-031-Douce ambiance.musicxml","Douce ambiance","24","4","4","0","0","0","3","3","0","7","conjunto-distinto","Referência — Harmonia da partitura | Estratégia — Melodia primeiro | Estratégia — Gramática funcional ii-V | Estratégia — Harmonia fundamental I-IV-V | Compassos 2-10: Estratégia — Centro de referência | Compassos 1-8: Estratégia — Gramática funcional ii-V | Compassos 3-11: Estratégia — Centro de referência"
"imported-real-book/e-002-E.S.P..musicxml","E.S.P.","43","7","7","0","0","0","3","3","0","10","conjunto-distinto","Referência — Harmonia da partitura | Estratégia — Centro modal | Estratégia — Gramática funcional ii-V | Estratégia — Gramática funcional ii-V | Estratégia — Blues funcional | Estratégia — Centro de referência | Estratégia — Contraponto de Baixo | Compassos 12-19: Estratégia — Centro de referência | Compassos 13-20: Estratégia — Centro de referência | Compassos 11-18: Estratégia — Centro de referência"
"imported-real-book/e-003-Early autumn.musicxml","Early autumn","44","3","3","0","0","0","3","3","0","6","conjunto-distinto","Referência — Harmonia da partitura | Estratégia — Centro de referência | Estratégia — Tonal Clássico | Compassos 9-16: Estratégia — Centro de referência | Compassos 10-17: Estratégia — Centro de referência | Compassos 11-18: Estratégia — Centro de referência"
"imported-real-book/e-005-Easy living.musicxml","Easy living","25","4","4","0","0","0","3","3","0","7","conjunto-distinto","Referência — Harmonia da partitura | Rearmonização controlada — substituição funcional | Estratégia — Gramática funcional ii-V | Estratégia — Centro de referência | Compassos 14-21: Estratégia — Centro de referência | Compassos 15-22: Estratégia — Centro de referência | Compassos 16-23: Estratégia — Centro de referência"
"imported-real-book/e-006-Easy to love.musicxml","Easy to love","41","6","6","0","0","0","3","3","0","9","conjunto-distinto","Referência — Harmonia da partitura | Estratégia — Centro de referência | Estratégia — Gramática funcional ii-V | Estratégia — Gramática funcional ii-V | Estratégia — Gramática funcional ii-V | Estratégia — Gramática funcional ii-V | Compassos 1-8: Estratégia — Centro de referência | Compassos 18-25: Estratégia — Centro de referência | Compassos 2-9: Estratégia — Centro de referência"
"imported-real-book/e-007-Eclypso.musicxml","Eclypso","24","11","10","1","0","1","3","3","0","13","repeticoes-removidas","Referência — Harmonia da partitura | Estratégia — Dominantes secundárias | Estratégia — Vamp dominante | Estratégia — Gramática funcional ii-V | Estratégia — Tonal Clássico | Estratégia — Cromático Linear | Estratégia — Centro modal | Estratégia — Harmonia fundamental I-IV-V | Estratégia — Cromático Linear | Estratégia — Contraponto de Baixo | Compassos 1-8: Estratégia — Dominantes secundárias | Compassos 2-9: Estratégia — Melodia primeiro | Compassos 7-14: Estratégia — Tonal Clássico"
"imported-real-book/e-008-Eighty one.musicxml","Eighty one","16","4","4","0","0","0","3","3","0","7","conjunto-distinto","Referência — Harmonia da partitura | Estratégia — Centro de referência | Estratégia — Gramática funcional ii-V | Estratégia — Menor funcional | Compassos 1-8: Estratégia — Centro de referência | Compassos 2-9: Estratégia — Centro de referência | Compassos 3-10: Estratégia — Centro de referência"
"imported-real-book/e-009-El gaucho.musicxml","El gaucho","45","4","4","0","0","0","3","3","0","7","conjunto-distinto","Referência — Harmonia da partitura | Estratégia — Centro de referência | Estratégia — Gramática funcional ii-V | Rearmonização controlada — substituição funcional | Compassos 15-22: Estratégia — Centro de referência | Compassos 16-23: Estratégia — Centro de referência | Compassos 17-24: Estratégia — Centro modal"
"imported-real-book/e-010-Emily.musicxml","Emily","56","6","6","0","0","0","3","3","0","9","conjunto-distinto","Referência — Harmonia da partitura | Estratégia — Centro de referência | Estratégia — Gramática funcional ii-V | Estratégia — Gramática funcional ii-V | Estratégia — Centro modal | Estratégia — Tonal Clássico | Compassos 6-13: Estratégia — Vamp dominante | Compassos 7-14: Estratégia — Vamp dominante | Compassos 11-18: Estratégia — Centro de referência"
"imported-real-book/e-011-End of a love affair.musicxml","End of a love affair","59","3","3","0","0","0","3","2","1","5","repeticoes-removidas","Referência — Harmonia da partitura | Estratégia — Gramática funcional ii-V | Estratégia — Centro de referência | Compassos 2-9: Estratégia — Gramática funcional ii-V | Compassos 4-11: Estratégia — Menor funcional"
"imported-real-book/e-013-Equinox.musicxml","Equinox","40","5","5","0","0","0","3","3","0","8","conjunto-distinto","Referência — Harmonia da partitura | Estratégia — Vamp dominante | Estratégia — Gramática funcional ii-V | Estratégia — Gramática funcional ii-V | Estratégia — Centro de referência | Compassos 1-8: Estratégia — Vamp dominante | Compassos 2-9: Estratégia — Vamp dominante | Compassos 3-10: Estratégia — Vamp dominante"
"imported-real-book/e-014-Eronel.musicxml","Eronel","38","8","8","0","0","0","3","3","0","11","conjunto-distinto","Referência — Harmonia da partitura | Estratégia — Tonal Clássico | Estratégia — Gramática funcional ii-V | Estratégia — Cromático Linear | Estratégia — Centro de referência | Estratégia — SubV funcional | Estratégia — Cromático Linear | Estratégia — Contraponto de Baixo | Compassos 8-15: Estratégia — Centro de referência | Compassos 9-16: Estratégia — Centro de referência | Compassos 10-17: Estratégia — Centro de referência"
"imported-real-book/e-015-Estaté.musicxml","Estaté","34","5","5","0","0","0","3","3","0","8","conjunto-distinto","Referência — Harmonia da partitura | Estratégia — Centro de referência | Estratégia — Cromático Linear | Estratégia — Cromático Linear | Rearmonização controlada — substituição funcional | Compassos 13-20: Estratégia — Centro de referência | Compassos 14-21: Estratégia — Centro de referência | Compassos 15-22: Estratégia — Centro de referência"
"imported-real-book/e-016-Everybody loves my baby.musicxml","Everybody loves my baby","59","3","3","0","0","0","3","3","0","6","conjunto-distinto","Referência — Harmonia da partitura | Estratégia — Centro de referência | Rearmonização controlada — substituição funcional | Compassos 2-9: Estratégia — Centro de referência | Compassos 1-8: Estratégia — Centro de referência | Compassos 3-10: Estratégia — Centro de referência"
"imported-real-book/e-018-Everything's coming up roses.musicxml","Everything's coming up roses","34","4","4","0","0","0","3","3","0","7","conjunto-distinto","Referência — Harmonia da partitura | Estratégia — Centro de referência | Estratégia — Gramática funcional ii-V | Rearmonização controlada — substituição funcional | Compassos 1-8: Estratégia — Centro de referência | Compassos 2-9: Estratégia — Centro de referência | Compassos 16-23: Estratégia — Centro de referência"
"imported-real-book/e-019-Evidence.musicxml","Evidence","37","9","9","0","0","0","3","3","0","12","conjunto-distinto","Referência — Harmonia da partitura | Estratégia — Gramática funcional ii-V | Estratégia — Gramática funcional ii-V | Estratégia — Tonal Clássico | Estratégia — Centro de referência | Estratégia — Cromático Linear | Estratégia — Cromático Linear | Estratégia — SubV funcional | Estratégia — Contraponto de Baixo | Compassos 17-24: Estratégia — Centro de referência | Compassos 18-25: Estratégia — Centro de referência | Compassos 13-20: Estratégia — Centro de referência"
"imported-real-book/e-020-Exactly like you.musicxml","Exactly like you","16","2","2","0","0","0","3","3","0","5","conjunto-distinto","Referência — Harmonia da partitura | Estratégia — Centro de referência | Compassos 5-12: Estratégia — Centro de referência | Compassos 1-8: Estratégia — Centro de referência | Compassos 6-13: Estratégia — Centro de referência"
"imported-real-book/f-004-Fair weather.musicxml","Fair weather","30","9","9","0","0","0","3","3","0","12","conjunto-distinto","Referência — Harmonia da partitura | Estratégia — Centro de referência | Estratégia — Gramática funcional ii-V | Estratégia — Gramática funcional ii-V | Estratégia — Gramática funcional ii-V | Estratégia — Gramática funcional ii-V | Estratégia — Gramática funcional ii-V | Estratégia — Contraponto de Baixo | Estratégia — Tonal Clássico | Compassos 3-10: Estratégia — Centro de referência | Compassos 4-11: Estratégia — Centro de referência | Compassos 5-12: Estratégia — Centro de referência"
"imported-real-book/f-005-Falling grace.musicxml","Falling grace","42","3","3","0","0","0","3","3","0","6","conjunto-distinto","Referência — Harmonia da partitura | Estratégia — Centro de referência | Estratégia — Gramática funcional ii-V | Compassos 1-9: Estratégia — Centro de referência | Compassos 2-10: Estratégia — Centro de referência | Compassos 3-11: Estratégia — Centro de referência"
"imported-real-book/f-006-Far Wes.musicxml","Far Wes","57","7","7","0","0","0","3","3","0","10","conjunto-distinto","Referência — Harmonia da partitura | Estratégia — Centro de referência | Estratégia — Gramática funcional ii-V | Estratégia — Gramática funcional ii-V | Estratégia — Gramática funcional ii-V | Estratégia — Centro modal | Rearmonização controlada — substituição funcional | Compassos 24-31: Estratégia — Centro de referência | Compassos 23-30: Estratégia — Centro de referência | Compassos 1-8: Estratégia — Centro de referência"
"imported-real-book/f-007-Favela.musicxml","Favela","33","7","7","0","0","0","3","3","0","10","conjunto-distinto","Referência — Harmonia da partitura | Estratégia — Centro de referência | Estratégia — Gramática funcional ii-V | Estratégia — Gramática funcional ii-V | Estratégia — Gramática funcional ii-V | Estratégia — Gramática funcional ii-V | Estratégia — Centro modal | Compassos 15-22: Estratégia — Gramática funcional ii-V | Compassos 1-8: Estratégia — Centro de referência | Compassos 14-21: Estratégia — Centro de referência"
"imported-real-book/f-008-Fee-fi-fo-fum.musicxml","Fee-fi-fo-fum","20","5","5","0","0","0","3","3","0","8","conjunto-distinto","Referência — Harmonia da partitura | Estratégia — Centro de referência | Estratégia — SubV funcional | Estratégia — Tonal Clássico | Estratégia — Contraponto de Baixo | Compassos 9-16: Estratégia — Centro de referência | Compassos 3-10: Estratégia — Centro de referência | Compassos 10-17: Estratégia — Centro de referência"
"imported-real-book/f-009-Feel like making love.musicxml","Feel like making love","38","4","4","0","0","0","3","3","0","7","conjunto-distinto","Referência — Harmonia da partitura | Estratégia — Centro de referência | Estratégia — Gramática funcional ii-V | Rearmonização controlada — substituição funcional | Compassos 37-44: Estratégia — Centro de referência | Compassos 35-42: Estratégia — Centro de referência | Compassos 36-43: Estratégia — Centro modal"
"imported-real-book/f-010-Feels so good.musicxml","Feels so good","80","6","6","0","0","0","3","3","0","9","conjunto-distinto","Referência — Harmonia da partitura | Estratégia — Centro de referência | Estratégia — Gramática funcional ii-V | Estratégia — Tonal Clássico | Estratégia — Contraponto de Baixo | Rearmonização controlada — substituição funcional | Compassos 4-11: Estratégia — Centro de referência | Compassos 5-12: Estratégia — Centro de referência | Compassos 6-13: Estratégia — Centro de referência"
"imported-real-book/f-011-Felicidade.musicxml","Felicidade","17","4","4","0","0","0","3","3","0","7","conjunto-distinto","Referência — Harmonia da partitura | Estratégia — Centro de referência | Estratégia — Gramática funcional ii-V | Estratégia — Gramática funcional ii-V | Compassos 2-9: Estratégia — Centro de referência | Compassos 3-10: Estratégia — Centro de referência | Compassos 4-11: Estratégia — Centro de referência"
"imported-real-book/f-013-Fever.musicxml","Fever","52","4","4","0","0","0","3","3","0","7","conjunto-distinto","Referência — Harmonia da partitura | Estratégia — Melodia primeiro | Estratégia — Blues funcional | Estratégia — Centro modal | Compassos 47-54: Estratégia — Gramática funcional ii-V | Compassos 2-9: Estratégia — Harmonia fundamental I-IV-V | Compassos 3-10: Estratégia — Harmonia fundamental I-IV-V"
"imported-real-book/f-014-Filthy McNasty.musicxml","Filthy McNasty","28","6","6","0","0","0","3","3","0","9","conjunto-distinto","Referência — Harmonia da partitura | Estratégia — Centro de referência | Estratégia — Gramática funcional ii-V | Estratégia — Gramática funcional ii-V | Estratégia — Gramática funcional ii-V | Estratégia — Gramática funcional ii-V | Compassos 12-19: Estratégia — Centro de referência | Compassos 13-20: Estratégia — Centro de referência | Compassos 14-21: Estratégia — Centro de referência"
"imported-real-book/f-015-Firm roots.musicxml","Firm roots","43","10","10","0","0","0","3","3","0","13","conjunto-distinto","Referência — Harmonia da partitura | Estratégia — Vamp dominante | Estratégia — Gramática funcional ii-V | Estratégia — Gramática funcional ii-V | Estratégia — Dominantes secundárias | Estratégia — Expansão funcional diatônica | Estratégia — Dominantes alteradas | Estratégia — Diminutos de passagem | Estratégia — Centro de referência | Estratégia — Centro modal | Compassos 3-10: Estratégia — Centro de referência | Compassos 4-11: Estratégia — Centro de referência | Compassos 5-12: Estratégia — Centro de referência"
"imported-real-book/f-017-500 miles high.musicxml","500 miles high","9","11","11","0","0","0","3","3","0","14","conjunto-distinto","Referência — Harmonia da partitura | Estratégia — Centro de referência | Estratégia — Gramática funcional ii-V | Estratégia — Dominantes secundárias | Rearmonização controlada — substituição funcional | Estratégia — Tonal Clássico | Estratégia — Cromático Linear | Estratégia — Centro modal | Estratégia — Diminutos de passagem | Estratégia — Cromático Linear | Estratégia — Contraponto de Baixo | Compassos 5-12: Estratégia — Centro de referência | Compassos 4-11: Estratégia — Centro de referência | Compassos 2-9: Estratégia — Gramática funcional ii-V"
"imported-real-book/f-018-Five spot after dark.musicxml","Five spot after dark","40","5","5","0","0","0","3","3","0","8","conjunto-distinto","Referência — Harmonia da partitura | Estratégia — Centro de referência | Estratégia — Gramática funcional ii-V | Estratégia — Vamp dominante | Rearmonização controlada — substituição funcional | Compassos 8-15: Estratégia — Centro de referência | Compassos 2-9: Estratégia — Centro de referência | Compassos 3-10: Estratégia — Centro de referência"
"imported-real-book/f-019-Flamingo.musicxml","Flamingo","37","6","6","0","0","0","3","3","0","9","conjunto-distinto","Referência — Harmonia da partitura | Estratégia — Centro de referência | Estratégia — Gramática funcional ii-V | Estratégia — Gramática funcional ii-V | Estratégia — Gramática funcional ii-V | Rearmonização controlada — substituição funcional | Compassos 4-11: Estratégia — Centro de referência | Compassos 3-10: Estratégia — Centro de referência | Compassos 2-9: Estratégia — Centro de referência"
"imported-real-book/f-020-Fly me to the moon.musicxml","Fly me to the moon","49","7","7","0","0","0","3","3","0","10","conjunto-distinto","Referência — Harmonia da partitura | Estratégia — Tonal Clássico | Estratégia — Gramática funcional ii-V | Estratégia — Centro de referência | Estratégia — Cromático Linear | Estratégia — Cromático Linear | Estratégia — Contraponto de Baixo | Compassos 17-24: Estratégia — Centro de referência | Compassos 18-25: Estratégia — Centro de referência | Compassos 1-8: Estratégia — Tonal Clássico"
"imported-real-book/f-021-Flying home.musicxml","Flying home","35","5","5","0","0","0","3","3","0","8","conjunto-distinto","Referência — Harmonia da partitura | Estratégia — Centro de referência | Estratégia — Gramática funcional ii-V | Estratégia — Gramática funcional ii-V | Rearmonização controlada — substituição funcional | Compassos 6-13: Estratégia — Centro de referência | Compassos 7-14: Estratégia — Centro de referência | Compassos 8-15: Estratégia — Centro de referência"
"imported-real-book/f-023-Footprints.musicxml","Footprints","42","6","6","0","0","0","3","3","0","9","conjunto-distinto","Referência — Harmonia da partitura | Estratégia — Centro de referência | Rearmonização controlada — substituição funcional | Estratégia — Tonal Clássico | Estratégia — Cromático Linear | Estratégia — Contraponto de Baixo | Compassos 17-24: Estratégia — Centro de referência | Compassos 6-13: Estratégia — Centro de referência | Compassos 7-14: Estratégia — Centro de referência"
"imported-real-book/f-024-For all we know.musicxml","For all we know","61","8","6","2","2","0","3","3","0","9","repeticoes-removidas","Referência — Harmonia da partitura | Estratégia — Harmonia básica I-IV-V | Estratégia — Centro de referência | Estratégia — Contraponto de Baixo | Estratégia — Cromático Linear | Estratégia — Cromático Linear | Compassos 2-9: Estratégia — Centro de referência | Compassos 3-10: Estratégia — Centro de referência | Compassos 4-11: Estratégia — Centro de referência"
"imported-real-book/f-025-For regulars only.musicxml","For regulars only","67","9","9","0","0","0","3","3","0","12","conjunto-distinto","Referência — Harmonia da partitura | Estratégia — Contraponto de Baixo | Estratégia — Gramática funcional ii-V | Estratégia — Tonal Clássico | Rearmonização controlada — substituição funcional | Estratégia — Centro de referência | Estratégia — Cromático Linear | Estratégia — SubV funcional | Estratégia — Cromático Linear | Compassos 27-34: Estratégia — Dominantes secundárias | Compassos 2-9: Estratégia — Centro de referência | Compassos 3-10: Estratégia — Centro de referência"
"imported-real-book/f-026-For sentimentals reasons.musicxml","For sentimentals reasons","23","3","3","0","0","0","3","3","0","6","conjunto-distinto","Referência — Harmonia da partitura | Estratégia — Centro de referência | Estratégia — Gramática funcional ii-V | Compassos 8-15: Estratégia — Centro de referência | Compassos 9-16: Estratégia — Centro de referência | Compassos 10-17: Estratégia — Centro de referência"
"imported-real-book/f-028-Four.musicxml","Four","40","4","4","0","0","0","3","3","0","7","conjunto-distinto","Referência — Harmonia da partitura | Estratégia — Centro de referência | Estratégia — Gramática funcional ii-V | Estratégia — Gramática funcional ii-V | Compassos 6-13: Estratégia — Centro de referência | Compassos 11-18: Estratégia — Centro de referência | Compassos 13-20: Estratégia — Centro de referência"
"imported-real-book/f-030-Four on six.musicxml","Four on six","9","7","7","0","0","0","3","3","0","10","conjunto-distinto","Referência — Harmonia da partitura | Estratégia — Vamp dominante | Estratégia — Gramática funcional ii-V | Estratégia — Gramática funcional ii-V | Estratégia — Gramática funcional ii-V | Estratégia — Melodia primeiro | Estratégia — Harmonia fundamental I-IV-V | Compassos 7-14: Estratégia — Melodia primeiro | Compassos 8-15: Estratégia — Menor funcional | Compassos 9-16: Estratégia — Menor funcional"
"imported-real-book/f-032-Freedom jazz dance.musicxml","Freedom jazz dance","22","6","6","0","0","0","3","3","0","9","conjunto-distinto","Referência — Harmonia da partitura | Estratégia — Centro de referência | Estratégia — Gramática funcional ii-V | Estratégia — Gramática funcional ii-V | Estratégia — Gramática funcional ii-V | Estratégia — Tonal Clássico | Compassos 6-13: Estratégia — Centro de referência | Compassos 2-9: Estratégia — Centro de referência | Compassos 3-10: Estratégia — Centro de referência"
"imported-real-book/f-033-Freight trane.musicxml","Freight trane","51","8","8","0","0","0","3","3","0","11","conjunto-distinto","Referência — Harmonia da partitura | Estratégia — Vamp dominante | Estratégia — Melodia primeiro | Estratégia — Contraponto de Baixo | Estratégia — Blues funcional | Estratégia — Centro modal | Estratégia — Harmonia fundamental I-IV-V | Estratégia — Tonal Clássico | Compassos 5-12: Estratégia — Vamp dominante | Compassos 6-13: Estratégia — Vamp dominante | Compassos 7-14: Estratégia — Vamp dominante"
"imported-real-book/f-034-Friday night at the Cadillac club.musicxml","Friday night at the Cadillac club","33","5","5","0","0","0","3","3","0","8","conjunto-distinto","Referência — Harmonia da partitura | Estratégia — Centro de referência | Estratégia — Gramática funcional ii-V | Estratégia — Gramática funcional ii-V | Estratégia — Tonal Clássico | Compassos 18-25: Estratégia — Vamp dominante | Compassos 2-9: Estratégia — Centro de referência | Compassos 3-10: Estratégia — Centro de referência"
"imported-real-book/f-035-Fried bananas.musicxml","Fried bananas","36","6","6","0","0","0","3","3","0","9","conjunto-distinto","Referência — Harmonia da partitura | Estratégia — Centro de referência | Estratégia — Tonal Clássico | Estratégia — Cromático Linear | Estratégia — Cromático Linear | Rearmonização controlada — substituição funcional | Compassos 1-8: Estratégia — Tonal Clássico | Compassos 2-9: Estratégia — Centro de referência | Compassos 3-10: Estratégia — Centro de referência"
"imported-real-book/f-036-Friends and strangers.musicxml","Friends and strangers","59","6","6","0","0","0","3","3","0","9","conjunto-distinto","Referência — Harmonia da partitura | Estratégia — Centro de referência | Estratégia — Tonal Clássico | Estratégia — Cromático Linear | Estratégia — Cromático Linear | Estratégia — Contraponto de Baixo | Compassos 3-10: Estratégia — Centro de referência | Compassos 4-11: Estratégia — Centro de referência | Compassos 5-12: Estratégia — Centro de referência"
