"file","title","status","referenceCenter","referenceIdiom","harmonyCount","signalScore","iiVCells","appliedDominants","primaryDominants","tritoneSubstitutions","diminishedChords","resolvedDiminished","modalBorrowingColors","minorPlagalCadences","tonicMajorSixths","slashChordDensity","examples","notes"
"a child is born.musicxml","Untitled score","ok","Bb major","blues","39","17.86","1","5","2","0","0","0","1","6","0","0.23","Ebm/Bb / Ebm/Bb / Ebm/B / D7(#9) / D7(b9) / D7(b9) / C7 / Fsus4(7)","cadencias ii-V detectadas; dominantes aplicadas recorrentes; mistura modal funcional; leitura harmonica inferida: blues"
"a fine romance.musicxml","Untitled score","ok","C major","blues","41","18.3","2","3","4","4","4","2","0","0","6","0.1","C6 / C#° / G7/D / D#dim7 / G7 / C6 / C7 / A13","cadencias ii-V detectadas; dominantes aplicadas recorrentes; diminutos com resolucao local; cor de tonica 6/6-9; leitura harmonica inferida: blues"
"Actual proof.musicxml","Untitled score","ok","Eb major","blues","20","1.7","0","0","0","0","0","0","1","0","0","0.3","Gb/Bb / A7alt / A13 / Asus4(7,9,11,13) / Bsus4(7) / C#sus4(7)/Bb / A9 / Eb(#11)/D","mistura modal funcional; leitura harmonica inferida: blues"
"affirmation.musicxml","Untitled score","ok","G major","minor-functional","21","6.6","1","1","1","2","0","0","1","0","0","0","D7 / E7 / Asus4(7) / F7 / Eb7 / Asus4(7)","cadencias ii-V detectadas; dominantes aplicadas recorrentes; mistura modal funcional; leitura harmonica inferida: minor-functional"
"african flower.musicxml","Untitled score","ok","Eb minor","minor-functional","23","1.7","0","1","1","0","0","0","0","0","0","0","Gb7 / Cb7 / Gb7(#11) / Ab7 / D7 / Bb7","dominantes aplicadas recorrentes; leitura harmonica inferida: minor-functional"
"afro blue.musicxml","Untitled score","ok","F minor","minor-functional","38","0","0","0","0","0","0","0","0","0","0","0","Ebsus4(7) / Dbsus4(7) / Ebsus4(7) / Ebsus4(7) / Dbsus4(7) / Ebsus4(7)","leitura harmonica inferida: minor-functional"
"afron-centric.musicxml","Untitled score","ok","Gb major","major-functional","12","0","0","0","0","0","0","0","0","0","0","0","","Vocabulário funcional direto, sem cromatismo aplicado forte nesta leitura."
"after you.musicxml","Untitled score","ok","G major","minor-functional","55","5.1","0","0","0","0","0","0","4","0","0","0.35","G/A / F#/A / A/C# / G/A / G/A / F#/D / F7 / G/A","mistura modal funcional; leitura harmonica inferida: minor-functional"
"after you've gone.musicxml","Untitled score","ok","Bb major","minor-functional","34","14.72","1","7","2","0","1","0","3","0","3","0.06","Ebm6 / Ab7 / D7 / G7 / C7 / F7 / Bb6 / F7","cadencias ii-V detectadas; dominantes aplicadas recorrentes; mistura modal funcional; cor de tonica 6/6-9; leitura harmonica inferida: minor-functional"
"afternoon in Paris.musicxml","Untitled score","ok","C major","minor-functional","39","23.76","7","5","5","1","0","0","5","0","0","0.03","F7 / Eb7 / G7(b9) / G7 / G(add9)(b7) / C/E / Bb7 / A7(9)","cadencias ii-V detectadas; dominantes aplicadas recorrentes; mistura modal funcional; leitura harmonica inferida: minor-functional"
"Ain't it the truth.musicxml","Untitled score","ok","Db major","blues","36","17.8","2","9","7","1","0","0","0","0","0","0","Ab7 / E7 / Eb7 / Ab7 / Db7 / Gb7 / Eb7 / Ab7","cadencias ii-V detectadas; dominantes aplicadas recorrentes; leitura harmonica inferida: blues"
"Ain't misbehavin.musicxml","Untitled score","ok","Eb major","major-functional","50","24.1","1","11","3","0","5","3","0","2","6","0.1","Eb6 / E° / F#° / Eb/G / Ab6 / Abm6 / Eb6/G / C7(b9)","cadencias ii-V detectadas; dominantes aplicadas recorrentes; diminutos com resolucao local; mistura modal funcional; cor de tonica 6/6-9"
"Air mail special.musicxml","Untitled score","ok","Ab major","blues","54","24.94","6","3","9","2","10","2","0","0","10","0.02","Ab6 / Eb7 / Ab6 / Eb7 / Ab6 / Ab7 / Db6 / D°","cadencias ii-V detectadas; dominantes aplicadas recorrentes; diminutos com resolucao local; cor de tonica 6/6-9; leitura harmonica inferida: blues"
"Airegin.musicxml","Untitled score","ok","Bb minor","minor-functional","46","12.9","4","4","4","1","0","0","0","0","0","0","C7alt / F7(b9) / F7alt / Bb7 / G7 / Gb7 / F7 / Eb7","cadencias ii-V detectadas; dominantes aplicadas recorrentes; leitura harmonica inferida: minor-functional"
"asa branca.musicxml","Untitled score","no-reference-harmony","n/a","n/a","0","0","0","0","0","0","0","0","0","0","0","0","","Sem cifras de referencia."
"autum leaves.musicxml","Autumn leaves","ok","E minor","minor-functional","67","36.6","16","8","10","2","0","0","0","0","0","0","D7 / B7(b13) / Em6 / Em6 / D7 / B7(b13) / Em6 / Em6","cadencias ii-V detectadas; dominantes aplicadas recorrentes; leitura harmonica inferida: minor-functional"
"Bright Size Life.musicxml","Imported Score","ok","D major","major-functional","18","5.62","0","0","2","0","0","0","3","0","0","0.56","Bb/A / D9 / D/C / G/A / G/B / G/A / F/G / A7/E","mistura modal funcional"
"exemplo.musicxml","Untitled score","no-reference-harmony","n/a","n/a","0","0","0","0","0","0","0","0","0","0","0","0","","Sem cifras de referencia."
"imported-real-book/a-002-A child is born.musicxml","A child is born","ok","C major","blues","59","18.64","3","4","3","3","4","2","0","0","6","0.07","C6 / C#° / G7 / G7/D / D#dim7 / G7 / C6 / C7","cadencias ii-V detectadas; dominantes aplicadas recorrentes; diminutos com resolucao local; cor de tonica 6/6-9; leitura harmonica inferida: blues"
"imported-real-book/a-004-Actual proof.musicxml","Actual proof","ok","G major","minor-functional","21","6.6","1","1","1","2","0","0","1","0","0","0","D7 / E7 / Asus4(7) / F7 / Eb7 / Asus4(7)","cadencias ii-V detectadas; dominantes aplicadas recorrentes; mistura modal funcional; leitura harmonica inferida: minor-functional"
"imported-real-book/a-005-Affirmation.musicxml","Affirmation","ok","Eb minor","minor-functional","23","1.7","0","1","1","0","0","0","0","0","0","0","Gb7 / Cb7 / Gb7(#11) / Ab7 / D7 / Bb7","dominantes aplicadas recorrentes; leitura harmonica inferida: minor-functional"
"imported-real-book/a-006-African flower.musicxml","African flower","ok","F minor","minor-functional","49","0","0","0","0","0","0","0","0","0","0","0","Ebsus4(7) / Dbsus4(7) / Ebsus4(7) / Ebsus4(7) / Dbsus4(7) / Ebsus4(7)","leitura harmonica inferida: minor-functional"
"imported-real-book/a-007-Afro blue.musicxml","Afro blue","ok","Gb major","major-functional","12","0","0","0","0","0","0","0","0","0","0","0","","Vocabulário funcional direto, sem cromatismo aplicado forte nesta leitura."
"imported-real-book/a-008-Afro-centric.musicxml","Afro-centric","ok","Gb major","major-functional","11","0","0","0","0","0","0","0","0","0","0","0","","Vocabulário funcional direto, sem cromatismo aplicado forte nesta leitura."
"imported-real-book/a-009-Afro-centric.musicxml","Afro-centric","ok","G major","minor-functional","55","5.1","0","0","0","0","0","0","4","0","0","0.35","G/A / F#/A / A/C# / G/A / G/A / F#/D / F7 / G/A","mistura modal funcional; leitura harmonica inferida: minor-functional"
"imported-real-book/a-010-After you.musicxml","After you","ok","Bb major","minor-functional","34","14.72","1","7","2","0","1","0","3","0","3","0.06","Ebm6 / Ab7 / D7 / G7 / C7 / F7 / Bb6 / F7","cadencias ii-V detectadas; dominantes aplicadas recorrentes; mistura modal funcional; cor de tonica 6/6-9; leitura harmonica inferida: minor-functional"
"imported-real-book/a-011-After you've gone.musicxml","After you've gone","ok","C major","minor-functional","44","25.54","8","5","6","1","0","0","5","0","0","0.02","F7 / Eb7 / G7(b9) / G7 / G(add9)(b7) / C/E / Bb7 / A7(9)","cadencias ii-V detectadas; dominantes aplicadas recorrentes; mistura modal funcional; leitura harmonica inferida: minor-functional"
"imported-real-book/a-012-Afternoon in Paris.musicxml","Afternoon in Paris","ok","Db major","blues","36","17.8","2","9","7","1","0","0","0","0","0","0","Ab7 / E7 / Eb7 / Ab7 / Db7 / Gb7 / Eb7 / Ab7","cadencias ii-V detectadas; dominantes aplicadas recorrentes; leitura harmonica inferida: blues"
"imported-real-book/a-013-Ain't it the truth.musicxml","Ain't it the truth","ok","Eb major","blues","77","31.52","0","14","4","0","5","3","2","3","9","0.06","Eb6 / E° / C7 / F#° / Bb7 / Eb/G / Eb6 / Eb7","dominantes aplicadas recorrentes; diminutos com resolucao local; mistura modal funcional; cor de tonica 6/6-9; leitura harmonica inferida: blues"
"imported-real-book/a-014-Ain't misbehavin.musicxml","Ain't misbehavin","ok","Bb minor","minor-functional","46","12.9","4","4","4","1","0","0","0","0","0","0","C7alt / F7(b9) / F7alt / Bb7 / G7 / Gb7 / F7 / Eb7","cadencias ii-V detectadas; dominantes aplicadas recorrentes; leitura harmonica inferida: minor-functional"
"imported-real-book/a-015-Airegin.musicxml","Airegin","ok","Ab major","blues","54","24.94","6","3","9","2","10","2","0","0","10","0.02","Ab6 / Eb7 / Ab6 / Eb7 / Ab6 / Ab7 / Db6 / D°","cadencias ii-V detectadas; dominantes aplicadas recorrentes; diminutos com resolucao local; cor de tonica 6/6-9; leitura harmonica inferida: blues"
"imported-real-book/a-017-Aja.musicxml","Aja","ok","C major","minor-functional","51","13.44","0","3","4","5","1","1","0","0","0","0.02","Gsus4(7) / A7 / A7 / Gsus4(7) / F#° / Gsus4(7) / G7 / G7(#5)","dominantes aplicadas recorrentes; diminutos com resolucao local; leitura harmonica inferida: minor-functional"
"imported-real-book/a-019-Alfie.musicxml","Alfie","ok","Bb minor","minor-functional","40","7.2","2","0","8","0","0","0","0","0","0","0","Ab7 / F7(b9) / Ab7 / F7(b9) / Ab7 / F7(b9) / F7(b9)","cadencias ii-V detectadas; leitura harmonica inferida: minor-functional"
"imported-real-book/a-020-Alfie's theme.musicxml","Alfie's theme","ok","C major","major-functional","54","24.1","7","8","5","3","0","0","0","0","0","0","G7 / E7 / Eb7 / G7 / G7 / A7 / G7 / D7","cadencias ii-V detectadas; dominantes aplicadas recorrentes"
"imported-real-book/a-021-Alice in wonderland.musicxml","Alice in wonderland","ok","B minor","minor-functional","37","6.5","3","1","3","0","0","0","0","0","0","0","F#7 / F#7 / F#7 / A7 / A7 / F#7","cadencias ii-V detectadas; dominantes aplicadas recorrentes; leitura harmonica inferida: minor-functional"
"imported-real-book/a-022-All alone.musicxml","All alone","ok","G major","blues","7","3","0","1","1","1","0","0","0","0","0","0","G7 / C7 / G7 / D7(#9) / Eb7(#9) / D7(#9,b13) / G7","dominantes aplicadas recorrentes; leitura harmonica inferida: blues"
"imported-real-book/a-023-All blues.musicxml","All blues","ok","D minor","minor-functional","45","14.3","1","11","1","0","0","0","0","0","0","0.2","Dm/C / Gsus4(7) / Csus4(7) / Dm/C / D7 / G7 / Csus4(7) / Dm/C","cadencias ii-V detectadas; dominantes aplicadas recorrentes; leitura harmonica inferida: minor-functional"
"imported-real-book/a-024-All in love is fair.musicxml","All in love is fair","ok","A minor","minor-functional","45","9.34","2","3","6","0","0","0","0","0","0","0.02","D7(b9) / E7(b9) / D7(b9) / E7(b9) / D7(b9) / Gsus4(7) / G7 / Fsus4(7)","cadencias ii-V detectadas; dominantes aplicadas recorrentes; leitura harmonica inferida: minor-functional"
"imported-real-book/a-025-All my tomorrows.musicxml","All my tomorrows","ok","C major","major-functional","24","12","2","6","2","0","1","0","0","1","1","0","E7 / A7 / E7 / D7 / G7 / E7 / A7 / A7","cadencias ii-V detectadas; dominantes aplicadas recorrentes; mistura modal funcional; cor de tonica 6/6-9"
"imported-real-book/a-026-All of me.musicxml","All of me","ok","Eb major","major-functional","37","18.6","4","5","3","0","1","0","0","4","2","0.05","Abm6 / Bb7(b9) / Abm6 / Bb7 / Eb6/G / Gbdim / Bb7 / D7","cadencias ii-V detectadas; dominantes aplicadas recorrentes; mistura modal funcional; cor de tonica 6/6-9"
"imported-real-book/a-027-All of you.musicxml","All of you","ok","A minor","minor-functional","88","7.1","0","3","2","1","2","1","0","0","0","0.05","Am6 / C7 / Am6 / Bb9 / Bb7 / Bb6 / Bb7 / Gm6","dominantes aplicadas recorrentes; diminutos com resolucao local; leitura harmonica inferida: minor-functional"
"imported-real-book/a-028-All or nothing at all.musicxml","All or nothing at all","ok","Ab major","major-functional","34","17.8","6","7","3","0","1","0","1","0","0","0","Eb7 / G7 / Bb7 / D7 / D7 / B7 / C7(#5) / Eb7","cadencias ii-V detectadas; dominantes aplicadas recorrentes; mistura modal funcional"
"imported-real-book/a-030-All the things you are.musicxml","All the things you are","ok","Bb major","blues","38","13.46","3","5","3","1","2","0","0","0","3","0.03","Bb7 / F7 / Bb9 / G7 / Fsus4(7,9) / F7(b9) / Bb6 / Bb7","cadencias ii-V detectadas; dominantes aplicadas recorrentes; cor de tonica 6/6-9; leitura harmonica inferida: blues"
"imported-real-book/a-031-Almost like being in love.musicxml","Almost like being in love","ok","D minor","minor-functional","44","22.7","8","4","8","3","0","0","0","0","0","0","A7(b9) / A7(b9) / D7(b9) / E7 / C7 / F7 / A7 / A7","cadencias ii-V detectadas; dominantes aplicadas recorrentes; leitura harmonica inferida: minor-functional"
"imported-real-book/a-032-Alone together.musicxml","Alone together","ok","G minor","minor-functional","43","12.14","3","6","1","1","0","0","0","0","0","0.02","E7 / E7 / Ab7 / Gb7 / C7 / C7 / A7(#5) / G7","cadencias ii-V detectadas; dominantes aplicadas recorrentes; leitura harmonica inferida: minor-functional"
"imported-real-book/a-033-Along came Betty.musicxml","Along came Betty","ok","A minor","minor-functional","58","5.86","2","2","1","0","0","0","0","0","0","0.33","F/G / E/G# / Fm/Ab / C/G / Eb6/9 / D7 / F/G / FmM7/G","cadencias ii-V detectadas; dominantes aplicadas recorrentes; leitura harmonica inferida: minor-functional"
"imported-real-book/a-034-Always and forever.musicxml","Always and forever","ok","Bb minor","minor-functional","55","4.1","0","1","2","1","0","0","0","0","0","0.25","Gsus4(b9,7) / Eb/G / Gsus4(b9,7) / Eb/G / Cm7/G / Gsus4(7) / Cm7/G / Db/F","dominantes aplicadas recorrentes; leitura harmonica inferida: minor-functional"
"imported-real-book/a-035-Ana Maria.musicxml","Ana Maria","ok","C minor","minor-functional","61","29.8","6","4","11","8","1","1","0","0","0","0","Ab7 / D7 / G7 / Ab9 / G7 / D7 / Ab7 / G7","cadencias ii-V detectadas; dominantes aplicadas recorrentes; diminutos com resolucao local; leitura harmonica inferida: minor-functional"
"imported-real-book/a-037-Angel eyes.musicxml","Angel eyes","ok","F# minor","minor-functional","34","10.4","3","4","4","0","0","0","0","0","0","0","E13 / C#7alt / E13 / C#7alt / E13 / C#7alt / A7","cadencias ii-V detectadas; dominantes aplicadas recorrentes; leitura harmonica inferida: minor-functional"
"imported-real-book/a-039-Another Time.musicxml","Another Time","ok","Bb major","blues","49","25.5","4","11","6","0","0","0","2","0","7","0","Bb6 / G7 / F7 / Bb6 / C7 / F7 / Bb7 / Bb7","cadencias ii-V detectadas; dominantes aplicadas recorrentes; mistura modal funcional; cor de tonica 6/6-9; leitura harmonica inferida: blues"
"imported-real-book/a-040-Anthropology.musicxml","Anthropology","ok","D minor","minor-functional","33","16.7","6","7","3","0","2","0","0","0","0","0","A7 / A7 / A7 / A7 / C7 / F7 / B° / D7","cadencias ii-V detectadas; dominantes aplicadas recorrentes; leitura harmonica inferida: minor-functional"
"imported-real-book/a-042-April.musicxml","April","ok","C major","blues","46","16.54","4","6","4","0","2","1","0","1","0","0.07","Gsus4(7,b9) / G7 / C7 / E7 / Am/G / B7(b9) / E7 / A7(b9)","cadencias ii-V detectadas; dominantes aplicadas recorrentes; diminutos com resolucao local; mistura modal funcional; leitura harmonica inferida: blues"
"imported-real-book/a-045-April in Paris.musicxml","April in Paris","ok","Bb major","major-functional","25","1.42","0","1","0","0","0","0","0","0","0","0.16","Am7/D / A/Bb / D7 / Bb/C / Bb/C / Asus4(7)","dominantes aplicadas recorrentes"
"imported-real-book/a-046-April joy.musicxml","April joy","ok","C minor","minor-functional","37","11.02","0","6","7","0","1","0","0","0","0","0.11","D7 / G7 / D7 / G7 / C7(b9) / D7(b9)/F# / Ab° / D7/A","dominantes aplicadas recorrentes; leitura harmonica inferida: minor-functional"
"imported-real-book/a-047-Armando's rhumba.musicxml","Armando's rhumba","ok","Eb major","minor-functional","76","21.22","3","5","6","0","8","3","2","0","6","0.16","Bb7(9) / Bb9sus4(7,9) / Bbm6 / Bb7(b9) / Eb6/9 / F#dim7 / F7 / Adim7","cadencias ii-V detectadas; dominantes aplicadas recorrentes; diminutos com resolucao local; mistura modal funcional; cor de tonica 6/6-9; leitura harmonica inferida: minor-functional"
"imported-real-book/a-048-As time goes by.musicxml","As time goes by","ok","G minor","minor-functional","53","18.4","0","7","7","5","0","0","0","0","0","0","Bb13 / A7alt / Bb13 / A7alt / Bb13 / A7alt / A7alt / Bb13","dominantes aplicadas recorrentes; leitura harmonica inferida: minor-functional"
"imported-real-book/a-049-Asa.musicxml","Asa","ok","G minor","minor-functional","53","18.4","0","7","7","5","0","0","0","0","0","0","Bb13 / A7alt / Bb13 / A7alt / Bb13 / A7alt / A7alt / Bb13","dominantes aplicadas recorrentes; leitura harmonica inferida: minor-functional"
"imported-real-book/a-052-Ask me now.musicxml","Ask me now","ok","C major","major-functional","63","36.8","13","11","11","1","1","1","0","0","0","0","A7 / G13 / A7 / G7(#9) / A7 / G7(b9) / A7 / G7","cadencias ii-V detectadas; dominantes aplicadas recorrentes; diminutos com resolucao local"
"imported-real-book/a-053-At last.musicxml","At last","ok","F major","blues","21","8","2","3","2","0","0","0","1","0","0","0","C7 / F7(#5) / Bb7(b9) / Eb7 / D7 / C7 / D7(b9) / C7","cadencias ii-V detectadas; dominantes aplicadas recorrentes; mistura modal funcional; leitura harmonica inferida: blues"
"imported-real-book/a-054-Au privave.musicxml","Au privave","ok","G minor","minor-functional","54","19.9","3","9","2","4","0","0","0","0","0","0","Bb6 / C7 / D7(b9) / Bb6 / C7 / D7 / Eb7 / G7(b9)","cadencias ii-V detectadas; dominantes aplicadas recorrentes; leitura harmonica inferida: minor-functional"
"imported-real-book/a-055-Autumn in New York.musicxml","Autumn in New York","ok","G minor","minor-functional","35","15.96","6","4","5","1","0","0","0","0","0","0.03","F7 / E7 / Eb7 / D7 / D7 / D7(b9) / F7 / E7","cadencias ii-V detectadas; dominantes aplicadas recorrentes; leitura harmonica inferida: minor-functional"
"imported-real-book/a-056-Autumn leaves.musicxml","Autumn leaves","ok","Bb major","major-functional","18","8.2","3","2","4","0","0","0","0","0","0","0","F7 / F7 / F7 / G7 / Ebm6 / F7 / G7 / F7","cadencias ii-V detectadas; dominantes aplicadas recorrentes"
"imported-real-book/b-002-Baby It's Cold Outside.musicxml","Baby It's Cold Outside","ok","G minor","minor-functional","19","6.6","0","6","0","0","0","0","0","0","0","0","F7 / F7 / Bb7 / F7 / C7 / F7 / C7 / F7","dominantes aplicadas recorrentes; leitura harmonica inferida: minor-functional"
"imported-real-book/b-003-Bag's groove.musicxml","Bag's groove","ok","Bb major","major-functional","40","15","0","9","2","3","2","0","0","0","0","0","A7 / D7 / Eb7 / C7 / F#dim7 / F7 / Gb7 / Eb7","dominantes aplicadas recorrentes"
"imported-real-book/b-004-Ballin' the jack.musicxml","Ballin' the jack","ok","C major","blues","13","8.3","0","4","1","0","0","0","3","0","0","0","Bb7 / Eb7 / Eb7(#11) / Bb7 / Bb7(#11) / Eb7 / Ab7 / Eb7","dominantes aplicadas recorrentes; mistura modal funcional; leitura harmonica inferida: blues"
"imported-real-book/b-005-Ba-lue Bolivar ba-lues are.musicxml","Ba-lue Bolivar ba-lues are","ok","F major","blues","13","2.3","0","1","2","0","0","0","0","0","0","0","C7 / F7 / F7 / Bb7 / C7(b9) / C7","dominantes aplicadas recorrentes; leitura harmonica inferida: blues"
"imported-real-book/b-007-Basin street blues.musicxml","Basin street blues","ok","F minor","minor-functional","58","24.96","5","2","9","5","10","4","0","0","0","0.03","C7 / Bb7 / C7 / C7(b5) / Edim7 / Gb9 / G° / Fm/Ab","cadencias ii-V detectadas; dominantes aplicadas recorrentes; diminutos com resolucao local; leitura harmonica inferida: minor-functional"
"imported-real-book/b-008-Be bop.musicxml","Be bop","ok","D minor","minor-functional","25","13.6","3","4","5","2","0","0","0","0","0","0","A7(#5) / D7 / C7 / A7 / Bb7 / E7 / A7 / B7(b5)","cadencias ii-V detectadas; dominantes aplicadas recorrentes; leitura harmonica inferida: minor-functional"
"imported-real-book/b-009-Beautiful love.musicxml","Beautiful love","ok","A minor","minor-functional","32","15.2","0","2","0","10","0","0","0","0","0","0","C7 / Db7 / C7 / Eb7 / D7 / Db7 / Db7 / C7","dominantes aplicadas recorrentes; leitura harmonica inferida: minor-functional"
"imported-real-book/b-010-Bemsha swing.musicxml","Bemsha swing","ok","D minor","minor-functional","29","12.3","6","3","3","0","0","0","0","0","0","0","Bb9 / A7 / A7 / Bb6 / F7 / Bb6 / F7 / Bb6","cadencias ii-V detectadas; dominantes aplicadas recorrentes; leitura harmonica inferida: minor-functional"
"imported-real-book/b-011-Bernie's tune.musicxml","Bernie's tune","ok","Ab major","blues","24","3.66","0","0","3","1","1","0","0","0","1","0.08","Eb7 / Ab7 / Eb7 / Eb7 / Ab7 / Eb7 / Db7 / C7","cor de tonica 6/6-9; leitura harmonica inferida: blues"
"imported-real-book/b-012-Bessie's blues.musicxml","Bessie's blues","ok","C major","major-functional","43","11.58","2","4","3","0","6","2","0","0","1","0.09","C#° / D#° / C/E / E7 / F#° / C/G / D7 / G7","cadencias ii-V detectadas; dominantes aplicadas recorrentes; diminutos com resolucao local; cor de tonica 6/6-9"
"imported-real-book/b-013-Bewitched.musicxml","Bewitched","ok","G minor","minor-functional","29","8.46","0","6","3","0","2","0","0","0","0","0.03","F7 / Bb7 / B° / F7 / F7 / Bb7 / B° / F7","dominantes aplicadas recorrentes; leitura harmonica inferida: minor-functional"
"imported-real-book/b-014-Billie's bounce.musicxml","Billie's bounce","ok","Bb major","blues","13","6.4","2","2","3","0","0","0","0","0","0","0","Bb7 / F7 / Bb7 / Eb7 / G7 / F7 / F7","cadencias ii-V detectadas; dominantes aplicadas recorrentes; leitura harmonica inferida: blues"
"imported-real-book/b-019-Birk's works.musicxml","Birk's works","ok","C major","major-functional","54","18.84","2","1","3","3","7","7","0","0","3","0.02","C#° / D#° / E7(#5) / F6 / F#° / G7 / F6 / G7","cadencias ii-V detectadas; dominantes aplicadas recorrentes; diminutos com resolucao local; cor de tonica 6/6-9"
"imported-real-book/b-020-Birth of the blues.musicxml","Birth of the blues","ok","Bb major","minor-functional","32","13.18","0","5","4","2","1","0","1","1","0","0.09","Bbm6 / Ebm6 / Bbm6 / F7(b9) / F7 / Gb7 / F7 / Bbm6","dominantes aplicadas recorrentes; mistura modal funcional; leitura harmonica inferida: minor-functional"
"imported-real-book/b-021-Black and tan fantasy.musicxml","Black and tan fantasy","ok","Eb minor","minor-functional","52","20.7","1","6","2","9","0","0","0","0","0","0","Db7(#9) / D7(#9) / Db7(#9) / D7(#9) / Db7(#9) / D7(#9) / Db7(#9) / G13","cadencias ii-V detectadas; dominantes aplicadas recorrentes; leitura harmonica inferida: minor-functional"
"imported-real-book/b-022-Black coffe.musicxml","Black coffe","ok","Ab minor","minor-functional","27","0.44","0","0","0","0","0","0","0","0","0","0.22","Bbm7/Ab / Bbm7/Ab / Bbm7/Ab / G#m7/F# / G#m7/F# / G#m7/F#","leitura harmonica inferida: minor-functional"
"imported-real-book/b-024-Black nile.musicxml","Black nile","ok","A minor","minor-functional","49","21.38","10","3","8","0","2","1","0","0","0","0.04","E7(b9) / E7(b9) / G7 / C#° / G7 / E7(b9) / E7(b9) / E7(b9)","cadencias ii-V detectadas; dominantes aplicadas recorrentes; diminutos com resolucao local; leitura harmonica inferida: minor-functional"
"imported-real-book/b-026-Black Orpheus.musicxml","Black Orpheus","ok","Eb major","blues","66","19.14","4","5","4","0","5","5","0","0","1","0.02","Edim7 / Bb7 / Edim7 / Bb7 / Bb7 / Ebsus4(7) / Eb7 / Bb7","cadencias ii-V detectadas; dominantes aplicadas recorrentes; diminutos com resolucao local; cor de tonica 6/6-9; leitura harmonica inferida: blues"
"imported-real-book/b-027-Blame it on my youth.musicxml","Blame it on my youth","ok","G minor","minor-functional","23","0.08","0","0","0","0","0","0","0","0","0","0.04","C7/Bb / C7 / C7","leitura harmonica inferida: minor-functional"
"imported-real-book/b-028-Blessed relief.musicxml","Blessed relief","ok","C minor","minor-functional","10","2.2","0","2","0","0","0","0","0","0","0","0","Bb7 / Eb7 / Bb7 / F7 / Bb7 / F7","dominantes aplicadas recorrentes; leitura harmonica inferida: minor-functional"
"imported-real-book/b-029-Bloomdido.musicxml","Bloomdido","ok","C minor","minor-functional","13","5.9","3","1","2","0","0","0","0","0","0","0","Cm6 / G7alt / Cm6 / Ab13 / G7alt / Cm6 / G7","cadencias ii-V detectadas; dominantes aplicadas recorrentes; leitura harmonica inferida: minor-functional"
"imported-real-book/b-030-Blue bossa.musicxml","Blue bossa","ok","D major","blues","22","7.9","0","0","2","2","0","0","3","0","2","0","D6 / C9 / E13 / C13 / Asus4(7,9,11,13) / A13 / D6 / C9","mistura modal funcional; cor de tonica 6/6-9; leitura harmonica inferida: blues"
"imported-real-book/b-031-Blue Daniel.musicxml","Blue Daniel","ok","D minor","minor-functional","16","6.5","1","2","3","1","0","0","0","0","0","0","A7(b13) / Db7 / F7(b9) / A7(b13) / E7(#9) / A7(#9)","cadencias ii-V detectadas; dominantes aplicadas recorrentes; leitura harmonica inferida: minor-functional"
"imported-real-book/b-032-Blue in green.musicxml","Blue in green","ok","Bb major","blues","13","4","0","2","3","0","1","0","0","0","0","0","Bb7 / Eb7 / Bb7 / F7 / Bb7 / Eb7 / E° / Bb7","dominantes aplicadas recorrentes; leitura harmonica inferida: blues"
"imported-real-book/b-033-Blue Monk.musicxml","Blue Monk","ok","Eb major","blues","87","34.22","10","6","10","5","0","0","1","0","5","0.01","Bb7 / Bb7 / C7(#9) / B9 / Bbsus4(7,9) / Eb6 / A7(b5) / Gb7","cadencias ii-V detectadas; dominantes aplicadas recorrentes; mistura modal funcional; cor de tonica 6/6-9; leitura harmonica inferida: blues"
"imported-real-book/b-034-Blue moon.musicxml","Blue moon","ok","F major","blues","43","18.24","7","2","9","0","1","0","0","1","2","0.02","F6 / C7 / C7 / F7 / Bbm6 / F/A / Abdim / C7","cadencias ii-V detectadas; dominantes aplicadas recorrentes; mistura modal funcional; cor de tonica 6/6-9; leitura harmonica inferida: blues"
"imported-real-book/b-035-Blue room.musicxml","Blue room","ok","C minor","minor-functional","22","1.1","0","1","0","0","0","0","0","0","0","0","Bb7 / Bb7 / Eb7 / Bb7 / D7 / Bb7 / Bb7","dominantes aplicadas recorrentes; leitura harmonica inferida: minor-functional"
"imported-real-book/b-036-Blue trane.musicxml","Blue trane","ok","Eb major","blues","39","12.9","0","6","4","1","0","0","2","0","1","0","Eb7 / Bb7 / Eb6 / Eb7 / Bb7 / Db7 / Ab6 / Ab6","dominantes aplicadas recorrentes; mistura modal funcional; cor de tonica 6/6-9; leitura harmonica inferida: blues"
"imported-real-book/b-037-Blueberry hill.musicxml","Blueberry hill","ok","F major","blues","19","7.4","2","3","1","0","0","0","1","0","0","0","A7(b9) / G7 / F7 / Bb7 / Eb7 / D7 / Db7 / C7","cadencias ii-V detectadas; dominantes aplicadas recorrentes; mistura modal funcional; leitura harmonica inferida: blues"
"imported-real-book/b-038-Blues for Alice.musicxml","Blues for Alice","ok","G minor","minor-functional","20","11.1","4","4","1","1","0","0","0","0","0","0","D7 / C7 / Bb7 / Ab7 / Gb7 / F7 / Db7 / F7","cadencias ii-V detectadas; dominantes aplicadas recorrentes; leitura harmonica inferida: minor-functional"
"imported-real-book/b-039-Bluesette.musicxml","Bluesette","ok","Db major","blues","55","28.3","8","8","4","4","3","0","1","0","3","0","Bb7 / Ab7 / Gb9 / Edim7 / F7(b9) / Ab7 / Db6 / Bb7","cadencias ii-V detectadas; dominantes aplicadas recorrentes; mistura modal funcional; cor de tonica 6/6-9; leitura harmonica inferida: blues"
"imported-real-book/b-041-Bohemia after dark.musicxml","Bohemia after dark","ok","F major","blues","20","7.8","1","2","1","2","0","0","1","0","0","0.05","G7 / Bbsus4(7,9,11,13) / Asus4(7,9,11,13) / A13 / F#7alt / Bm7/A / C7 / Bb9","cadencias ii-V detectadas; dominantes aplicadas recorrentes; mistura modal funcional; leitura harmonica inferida: blues"
"imported-real-book/b-042-Bolivia.musicxml","Bolivia","ok","Bb major","minor-functional","40","13.3","4","5","3","0","0","0","1","0","0","0.05","C7 / F7alt / F/A / Csus4(7) / F7alt / F7alt / Eb7alt / Eb7alt","cadencias ii-V detectadas; dominantes aplicadas recorrentes; mistura modal funcional; leitura harmonica inferida: minor-functional"
"imported-real-book/b-043-Boplicity.musicxml","Boplicity","ok","C minor","minor-functional","52","20.64","3","5","4","7","0","0","0","0","0","0.02","C7 / Db7 / C7 / Gb7 / F7 / Eb7 / G7 / Db7","cadencias ii-V detectadas; dominantes aplicadas recorrentes; leitura harmonica inferida: minor-functional"
"imported-real-book/b-046-Both sides of the coin.musicxml","Both sides of the coin","ok","Bb major","major-functional","33","14.18","5","3","5","1","1","0","0","0","1","0.09","G7(#11) / F7(#11) / Csus4(7) / C7 / F7 / Gm7/F / A7(b9) / Db°","cadencias ii-V detectadas; dominantes aplicadas recorrentes; cor de tonica 6/6-9"
"imported-real-book/b-050-Bud Powell.musicxml","Bud Powell","ok","C minor","minor-functional","10","2.8","0","2","1","0","0","0","0","0","0","0","Bb7 / Eb7 / Bb7 / F7 / Bb7 / G7 / F7","dominantes aplicadas recorrentes; leitura harmonica inferida: minor-functional"
"imported-real-book/b-052-Bud's blues.musicxml","Bud's blues","ok","G major","blues","40","13","3","6","2","0","1","0","1","0","1","0.05","E7(b9) / F#7(b9) / Esus4(7) / E7 / A9 / D13 / C° / Dsus4(7,9)","cadencias ii-V detectadas; dominantes aplicadas recorrentes; mistura modal funcional; cor de tonica 6/6-9; leitura harmonica inferida: blues"
"imported-real-book/b-053-But beautyful.musicxml","But beautyful","ok","Bb major","blues","9","2.9","1","1","1","0","0","0","0","0","0","0","Bb7 / Eb7 / Bb7 / F7 / F7(#9)","cadencias ii-V detectadas; dominantes aplicadas recorrentes; leitura harmonica inferida: blues"
"imported-real-book/b-054-Buzzy.musicxml","Buzzy","ok","F major","blues","49","18.6","3","6","5","3","1","0","1","0","1","0","C7 / Csus4(7,9) / C7 / Ab° / D7(b9) / C7 / D7(b9) / D7(#5)","cadencias ii-V detectadas; dominantes aplicadas recorrentes; mistura modal funcional; cor de tonica 6/6-9; leitura harmonica inferida: blues"
"imported-real-book/c-002-Cantaloupe island.musicxml","Cantaloupe island","ok","F minor","minor-functional","20","13","0","6","2","4","0","0","0","0","0","0","C7(b9) / Db7 / C7 / C7(b9) / Db7 / C7 / Fm6 / Bb13","dominantes aplicadas recorrentes; leitura harmonica inferida: minor-functional"
"imported-real-book/c-003-Caravan.musicxml","Caravan","ok","F major","blues","23","9.48","3","2","4","0","2","1","0","0","0","0.04","C7 / C7 / F7 / F#° / C7 / F7 / F7(#5)/A / Db7","cadencias ii-V detectadas; dominantes aplicadas recorrentes; diminutos com resolucao local; leitura harmonica inferida: blues"
"imported-real-book/c-004-Careless love.musicxml","Careless love","ok","F minor","major-functional","6","0","0","0","0","0","0","0","0","0","0","0","","Vocabulário funcional direto, sem cromatismo aplicado forte nesta leitura."
"imported-real-book/c-005-Cariba.musicxml","Cariba","ok","D minor","minor-functional","21","5.86","0","0","0","4","0","0","0","0","0","0.33","Eb9 / Eb9 / D9 / C13sus4 / B13sus4 / C13sus4 / C13 / B13sus4","leitura harmonica inferida: minor-functional"
"imported-real-book/c-006-Casa forte.musicxml","Casa forte","ok","D minor","minor-functional","30","5.2","1","2","3","0","0","0","0","0","0","0","G7 / G7 / G7 / A7(#9) / D7(b9) / C7 / F7 / A7(b9)","cadencias ii-V detectadas; dominantes aplicadas recorrentes; leitura harmonica inferida: minor-functional"
"imported-real-book/c-008-Cedar's blues.musicxml","Cedar's blues","ok","Bb major","major-functional","33","13.06","0","4","2","4","0","0","2","0","0","0.03","B7 / B7 / B7 / Ab7 / B7 / F7 / D7 / G7","dominantes aplicadas recorrentes; mistura modal funcional"
"imported-real-book/c-009-Celia.musicxml","Celia","ok","B major","major-functional","76","45.78","17","12","9","0","0","0","6","0","0","0.09","F#7 / A7 / Eb7 / C7 / F#7 / A7 / F#7 / C#m/B","cadencias ii-V detectadas; dominantes aplicadas recorrentes; mistura modal funcional"
"imported-real-book/c-010-Central park west.musicxml","Central park west","ok","Ab major","major-functional","33","11.6","4","4","4","0","0","0","0","0","0","0","Eb7(b9) / Ab13 / G13 / F7alt / Eb9 / F9 / G9 / F7(#5)","cadencias ii-V detectadas; dominantes aplicadas recorrentes"
"imported-real-book/c-012-A certain smile.musicxml","A certain smile","ok","B minor","major-functional","9","0","0","0","0","0","0","0","0","0","0","0","Eb7 / Eb7 / Eb7 / Eb7 / Eb7","Vocabulário funcional direto, sem cromatismo aplicado forte nesta leitura."
"imported-real-book/c-013-Chameleon.musicxml","Chameleon","ok","C major","minor-functional","73","38","7","9","7","4","7","7","0","0","4","0.15","C#° / G7 / C#° / G7 / D#° / Bb7(#11) / A7 / D7","cadencias ii-V detectadas; dominantes aplicadas recorrentes; diminutos com resolucao local; cor de tonica 6/6-9; leitura harmonica inferida: minor-functional"
"imported-real-book/c-015-Chega de saudade.musicxml","Chega de saudade","ok","Bb major","minor-functional","69","31.7","7","15","3","0","1","0","2","0","7","0","F° / E9 / Gm6 / A7 / E7 / F#7 / D7 / B13","cadencias ii-V detectadas; dominantes aplicadas recorrentes; mistura modal funcional; cor de tonica 6/6-9; leitura harmonica inferida: minor-functional"
"imported-real-book/c-017-Cherokee.musicxml","Cherokee","ok","C major","minor-functional","15","2.9","1","0","1","0","0","0","1","0","0","0","C7 / F7 / A7 / Bb7 / G7","cadencias ii-V detectadas; mistura modal funcional; leitura harmonica inferida: minor-functional"
"imported-real-book/c-018-Cheryl.musicxml","Cheryl","ok","G minor","minor-functional","26","9.4","4","2","4","0","0","0","0","0","0","0","Bb7 / D7 / D7 / D7 / D7(b9) / Bb7 / D7","cadencias ii-V detectadas; dominantes aplicadas recorrentes; leitura harmonica inferida: minor-functional"
"imported-real-book/c-020-Chick's tune.musicxml","Chick's tune","ok","F major","major-functional","6","3.14","0","0","1","0","0","0","2","0","0","0.17","C13 / F/Gb / C13","mistura modal funcional"
"imported-real-book/c-021-Chief Crazy Horse.musicxml","Chief Crazy Horse","ok","D minor","minor-functional","44","16.6","3","9","3","1","0","0","0","0","0","0","A7 / G7 / C7 / F7 / C7(b9) / C7 / Fm6 / Bb7","cadencias ii-V detectadas; dominantes aplicadas recorrentes; leitura harmonica inferida: minor-functional"
"imported-real-book/c-022-Come rain or come shine.musicxml","Come rain or come shine","ok","Bb major","blues","36","16.82","2","9","2","1","2","0","1","0","2","0.06","F7 / F7 / Gb7 / D7(#5) / G9 / F9 / Eb6/Bb / Bb°","cadencias ii-V detectadas; dominantes aplicadas recorrentes; mistura modal funcional; cor de tonica 6/6-9; leitura harmonica inferida: blues"
"imported-real-book/c-024-Comin' home baby.musicxml","Comin' home baby","ok","E major","major-functional","21","12.4","2","5","1","2","0","0","1","0","0","0.1","G#7/D# / B7 / Bb7 / Ab7 / F7/C / Ab7 / G7 / F7(b9)","cadencias ii-V detectadas; dominantes aplicadas recorrentes; mistura modal funcional"
"imported-real-book/c-025-Con Alma.musicxml","Con Alma","ok","G major","blues","57","22.8","3","8","13","2","0","0","0","0","0","0","D7(#5) / D7(#5) / Daug7 / E7 / A7 / D7sus4 / D7 / D7","cadencias ii-V detectadas; dominantes aplicadas recorrentes; leitura harmonica inferida: blues"
"imported-real-book/c-026-Confessin' that i love you.musicxml","Confessin' that i love you","ok","F major","minor-functional","48","28","10","9","4","2","0","0","1","0","0","0","A7 / Bb7 / D7 / G7 / C7(b9) / A7 / F7 / B7","cadencias ii-V detectadas; dominantes aplicadas recorrentes; mistura modal funcional; leitura harmonica inferida: minor-functional"
"imported-real-book/c-027-Confirmation.musicxml","Confirmation","ok","D major","major-functional","26","8.3","4","1","4","0","4","0","0","0","0","0","F° / A7 / A7 / F° / A7 / D7 / E7 / A7","cadencias ii-V detectadas; dominantes aplicadas recorrentes"
"imported-real-book/c-028-Coquette.musicxml","Coquette","ok","F major","minor-functional","40","9","2","3","3","1","7","0","0","0","0","0.1","Abdim7 / C7 / Bb7 / Am/G / D/F# / Fdim7 / D7/A / Abdim","cadencias ii-V detectadas; dominantes aplicadas recorrentes; leitura harmonica inferida: minor-functional"
"imported-real-book/c-029-Corcovado.musicxml","Corcovado","ok","C minor","minor-functional","42","9.2","3","4","2","0","0","0","0","0","0","0","F7 / F7 / G7 / G7 / F7 / F7 / Bb6 / G7","cadencias ii-V detectadas; dominantes aplicadas recorrentes; leitura harmonica inferida: minor-functional"
"imported-real-book/c-030-Corner pocket.musicxml","Corner pocket","ok","Ab major","blues","35","10.7","0","7","5","0","2","0","0","0","0","0","Eb7 / Eb7 / Ab7 / Ddim / Eb7 / F7 / Bb7 / Eb7","dominantes aplicadas recorrentes; leitura harmonica inferida: blues"
"imported-real-book/c-031-Cottontail.musicxml","Cottontail","ok","G major","blues","39","19.76","6","2","6","1","0","0","2","0","8","0.03","G6 / D7 / G6 / D7 / G7 / F7 / D7(#5) / G6","cadencias ii-V detectadas; dominantes aplicadas recorrentes; mistura modal funcional; cor de tonica 6/6-9; leitura harmonica inferida: blues"
"imported-real-book/c-032-Count every star.musicxml","Count every star","ok","Ab major","blues","6","2.4","0","1","0","1","0","0","0","0","0","0","Ab7 / Db7 / Ab7 / D7(#11) / Db7 / Ab7","dominantes aplicadas recorrentes; leitura harmonica inferida: blues"
"imported-real-book/c-033-Cousin Mary.musicxml","Cousin Mary","ok","Bb major","major-functional","32","16.9","7","3","5","0","2","0","2","0","0","0","F7 / Bb° / F7 / Db7 / F7 / D7 / G7 / C7","cadencias ii-V detectadas; dominantes aplicadas recorrentes; mistura modal funcional"
"imported-real-book/c-034-Crazeology.musicxml","Crazeology","ok","Eb major","blues","51","16.9","2","5","4","4","0","0","0","0","3","0.1","Ab/C / Cm6 / Bb7 / G7 / C7(b9) / F9 / B9 / Bb7sus4","cadencias ii-V detectadas; dominantes aplicadas recorrentes; cor de tonica 6/6-9; leitura harmonica inferida: blues"
"imported-real-book/c-035-Cry me a river.musicxml","Cry me a river","ok","A minor","minor-functional","46","3.5","0","1","4","0","0","0","0","0","0","0","D7sus4 / E7(b9) / E7(#9) / E7(#9) / G7sus4","dominantes aplicadas recorrentes; leitura harmonica inferida: minor-functional"
"imported-real-book/c-036-Crystal silence.musicxml","Crystal silence","ok","Bb major","blues","47","29.4","2","6","10","6","0","0","6","0","0","0","Bb7 / Ab7 / Gb7 / F7 / Bb7 / Ab7 / Gb7 / F7","cadencias ii-V detectadas; dominantes aplicadas recorrentes; mistura modal funcional; leitura harmonica inferida: blues"
"imported-real-book/d-002-D natural blues.musicxml","D natural blues","ok","Eb major","minor-functional","38","28.8","7","7","6","3","0","0","4","0","2","0","Ab7 / Gb7 / Bb7 / Eb6 / Cb7 / Bb7 / Eb7 / Db7","cadencias ii-V detectadas; dominantes aplicadas recorrentes; mistura modal funcional; cor de tonica 6/6-9; leitura harmonica inferida: minor-functional"
"imported-real-book/d-003-Daahood.musicxml","Daahood","ok","F minor","minor-functional","38","8.28","0","0","0","6","0","0","0","0","0","0.24","Bb/Eb / D/Eb / G7/Eb / Bb/Eb / D/Eb / Gm7/Eb / Ab7(#11) / Gb7(#11)","leitura harmonica inferida: minor-functional"
"imported-real-book/d-004-Dancing in the dark.musicxml","Dancing in the dark","ok","F major","blues","35","16.7","7","5","4","0","4","0","0","0","1","0","F7(#5) / Bdim / Ab° / C7 / D7(b9) / C7 / F6 / C7","cadencias ii-V detectadas; dominantes aplicadas recorrentes; cor de tonica 6/6-9; leitura harmonica inferida: blues"
"imported-real-book/d-005-Dancing on the ceiling.musicxml","Dancing on the ceiling","ok","A minor","minor-functional","58","18.1","5","8","3","1","0","0","0","0","0","0.1","G6 / Eb7 / B7 / Em/D / A7/C# / Cm6 / E7 / F7","cadencias ii-V detectadas; dominantes aplicadas recorrentes; leitura harmonica inferida: minor-functional"
"imported-real-book/d-006-Darn that dream.musicxml","Darn that dream","ok","C minor","minor-functional","37","9.4","3","2","6","0","0","0","0","0","0","0","Eb7 / Ab7 / Ab7 / G7 / Eb7 / Ab7 / G7(#5) / G7(#5)","cadencias ii-V detectadas; dominantes aplicadas recorrentes; leitura harmonica inferida: minor-functional"
"imported-real-book/d-008-Day of wine and roses.musicxml","Day of wine and roses","ok","Eb major","major-functional","36","12.3","0","5","4","0","0","0","4","0","0","0","D7 / Bb7 / D7 / Bb7 / F#7 / Bb7","dominantes aplicadas recorrentes; mistura modal funcional"
"imported-real-book/d-009-Dear John.musicxml","Dear John","ok","D minor","minor-functional","33","13.22","5","2","6","1","0","0","0","0","0","0.06","Bb(#11)/A / Dm6 / C7 / F6 / A7(b9) / Dm6 / Bb7(b5) / A7(b9)","cadencias ii-V detectadas; dominantes aplicadas recorrentes; leitura harmonica inferida: minor-functional"
"imported-real-book/d-010-Dear old Stockholm.musicxml","Dear old Stockholm","ok","C major","major-functional","27","7.4","3","0","3","1","0","0","0","0","1","0.15","Dm7/G / G7 / Dm7/G / G7 / Dm7/G / G7 / Dm7/G / G7","cadencias ii-V detectadas; cor de tonica 6/6-9"
"imported-real-book/d-011-Dearly beloved.musicxml","Dearly beloved","ok","C major","blues","30","16.4","1","8","4","0","0","0","0","2","3","0","C9 / F6 / Fm6 / D9 / G9 / G7 / C6 / F7","cadencias ii-V detectadas; dominantes aplicadas recorrentes; mistura modal funcional; cor de tonica 6/6-9; leitura harmonica inferida: blues"
"imported-real-book/d-012-Deed i do.musicxml","Deed i do","ok","F major","blues","43","17.8","2","2","6","2","6","4","2","0","0","0","F#dim7 / C7(13) / Eb7 / D7sus4 / D7 / Bbm6 / Abdim7 / C7sus4","cadencias ii-V detectadas; dominantes aplicadas recorrentes; diminutos com resolucao local; mistura modal funcional; leitura harmonica inferida: blues"
"imported-real-book/d-013-Deep purple.musicxml","Deep purple","ok","Eb minor","minor-functional","24","2.6","0","0","0","2","0","0","0","0","0","0","B7(b5) / A7(#11) / Ab7(#11) / B7 / A7(#11) / Ab7(#11) / B7","leitura harmonica inferida: minor-functional"
"imported-real-book/d-014-Deluge.musicxml","Deluge","ok","A major","blues","29","14.6","3","3","3","1","2","2","2","0","0","0","G7(b5) / C7(b9) / D7(b9) / A7(b9) / D7 / D7(b9) / G7(b9) / Gb7(b5)","cadencias ii-V detectadas; dominantes aplicadas recorrentes; diminutos com resolucao local; mistura modal funcional; leitura harmonica inferida: blues"
"imported-real-book/d-015-Desafinado.musicxml","Desafinado","ok","F major","blues","78","30.8","6","11","4","3","1","1","2","1","1","0","C#° / G7 / Ebm6 / G7 / C7(b9) / G7(b5) / C7(b9) / D7","cadencias ii-V detectadas; dominantes aplicadas recorrentes; diminutos com resolucao local; mistura modal funcional; cor de tonica 6/6-9; leitura harmonica inferida: blues"
"imported-real-book/d-017-Detour ahead.musicxml","Detour ahead","ok","Bb major","blues","40","15.9","5","2","7","1","0","0","2","0","0","0","F7(b9) / Bb7 / F7 / Bb7 / Ab7 / Db7 / F7 / F7alt","cadencias ii-V detectadas; dominantes aplicadas recorrentes; mistura modal funcional; leitura harmonica inferida: blues"
"imported-real-book/d-018-Dexterity.musicxml","Dexterity","ok","G major","major-functional","36","12.72","5","2","5","1","4","0","0","0","0","0.11","G/B / Bbdim7 / D7 / Bbdim7 / D7 / G/B / Bbdim7 / D7","cadencias ii-V detectadas; dominantes aplicadas recorrentes"
"imported-real-book/d-019-Dinah.musicxml","Dinah","ok","Eb major","minor-functional","40","18.9","4","4","1","0","0","0","5","2","2","0","G13 / Eb7(b9) / Eb6 / D7(b9) / Ebm6 / Ebm6","cadencias ii-V detectadas; dominantes aplicadas recorrentes; mistura modal funcional; cor de tonica 6/6-9; leitura harmonica inferida: minor-functional"
"imported-real-book/d-020-Dindi.musicxml","Dindi","ok","Gb major","blues","52","25","5","14","4","0","2","1","0","0","0","0","F7 / F7 / Bb7 / G7(#5) / C7 / F13 / Bb6 / Eb6","cadencias ii-V detectadas; dominantes aplicadas recorrentes; diminutos com resolucao local; leitura harmonica inferida: blues"
"imported-real-book/d-021-Do nothing'til you hear from me.musicxml","Do nothing'til you hear from me","ok","C major","major-functional","53","19.26","4","6","5","1","3","1","2","0","0","0.08","G7(#5) / D7 / F6 / F#° / C/G / A7 / Ab7 / G7","cadencias ii-V detectadas; dominantes aplicadas recorrentes; diminutos com resolucao local; mistura modal funcional"
"imported-real-book/d-022-Do you know what it means to miss New Orleans -.musicxml","Do you know what it means to miss New Orleans ?","ok","G major","blues","37","11.98","3","1","2","1","0","0","4","0","0","0.19","Db/Eb / G7 / D7 / D13 / G13sus4 / A/G / Eb(b5)/G / F13sus4","cadencias ii-V detectadas; dominantes aplicadas recorrentes; mistura modal funcional; leitura harmonica inferida: blues"
"imported-real-book/d-023-Dolphin dance.musicxml","Dolphin dance","ok","Ab major","major-functional","40","16.1","3","7","3","1","1","0","0","1","0","0.15","Db/Eb / Bb13(b9)/Eb / C7(#9)/Eb / G7alt / D/E / C/E / D/E / F7","cadencias ii-V detectadas; dominantes aplicadas recorrentes; mistura modal funcional"
"imported-real-book/d-025-Donna Lee.musicxml","Donna Lee","ok","C major","blues","44","25","9","6","6","1","0","0","1","0","4","0","C6 / Bb7 / A7 / G7 / G7 / A7 / G7 / C6","cadencias ii-V detectadas; dominantes aplicadas recorrentes; mistura modal funcional; cor de tonica 6/6-9; leitura harmonica inferida: blues"
"imported-real-book/d-026-Don't blame me.musicxml","Don't blame me","ok","C major","blues","45","23.74","2","7","4","6","2","0","2","0","3","0.02","G13 / A7 / C7 / B7 / Bb7 / A7 / D7 / D7","cadencias ii-V detectadas; dominantes aplicadas recorrentes; mistura modal funcional; cor de tonica 6/6-9; leitura harmonica inferida: blues"
"imported-real-book/d-028-Don't go to strangers.musicxml","Don't go to strangers","ok","C major","blues","43","15.24","5","4","4","1","3","0","1","0","0","0.02","Ebdim7 / G7 / G7 / G7 / C/E / Ebdim7 / A7 / A7","cadencias ii-V detectadas; dominantes aplicadas recorrentes; mistura modal funcional; leitura harmonica inferida: blues"
"imported-real-book/d-029-Don't take your love from me.musicxml","Don't take your love from me","ok","Db major","blues","31","5.1","0","3","1","0","18","1","0","0","0","0","Db7 / Gb7 / Bb7 / Eb9 / B° / Bb° / A° / Ab°","dominantes aplicadas recorrentes; diminutos com resolucao local; leitura harmonica inferida: blues"
"imported-real-book/d-030-Doodlin'.musicxml","Doodlin'","ok","G minor","minor-functional","41","10.8","0","2","6","2","2","2","0","0","0","0","D7 / E7 / F6 / Bb6 / D7sus4 / D7 / D7 / F7","dominantes aplicadas recorrentes; diminutos com resolucao local; leitura harmonica inferida: minor-functional"
"imported-real-book/d-031-Douce ambiance.musicxml","Douce ambiance","ok","F minor","minor-functional","24","13.4","0","7","3","3","1","0","0","0","0","0","Bb7 / Ab7 / G7 / C7 / F7 / Bb7 / F7(#5) / Bb7","dominantes aplicadas recorrentes; leitura harmonica inferida: minor-functional"
"imported-real-book/e-002-E.S.P..musicxml","E.S.P.","ok","C major","minor-functional","43","27.5","2","1","6","10","1","0","6","0","2","0","G7 / B7 / A7 / G7 / G7 / C6 / G13 / Ebdim7","cadencias ii-V detectadas; dominantes aplicadas recorrentes; mistura modal funcional; cor de tonica 6/6-9; leitura harmonica inferida: minor-functional"
"imported-real-book/e-003-Early autumn.musicxml","Early autumn","ok","E minor","minor-functional","44","10.74","2","4","2","2","0","0","0","0","0","0.07","C7(#11) / E7 / F7 / D7 / B7(#5) / A7 / A7 / D7","cadencias ii-V detectadas; dominantes aplicadas recorrentes; leitura harmonica inferida: minor-functional"
"imported-real-book/e-005-Easy living.musicxml","Easy living","ok","C major","major-functional","25","9.6","3","1","3","1","1","0","0","1","1","0","G7 / F7 / G7 / G7 / A7 / A7 / Fm6 / E7","cadencias ii-V detectadas; dominantes aplicadas recorrentes; mistura modal funcional; cor de tonica 6/6-9"
"imported-real-book/e-006-Easy to love.musicxml","Easy to love","ok","Eb major","major-functional","41","17.2","5","8","4","0","0","0","0","0","0","0","Bb7 / C7 / Bb7 / C7 / Bb7 / C7 / Bb7 / C7","cadencias ii-V detectadas; dominantes aplicadas recorrentes"
"imported-real-book/e-007-Eclypso.musicxml","Eclypso","ok","Gb major","major-functional","24","5.58","0","5","0","0","0","0","0","0","0","0.04","F9sus4 / Bb9sus4 / Gb/Bb / F9sus4 / Bb9sus4 / F9sus4 / C9sus4 / Bb9sus4","dominantes aplicadas recorrentes"
"imported-real-book/e-008-Eighty one.musicxml","Eighty one","ok","F minor","minor-functional","16","0.6","0","0","1","0","0","0","0","0","0","0","Bb7 / Bb7(b9) / C7","leitura harmonica inferida: minor-functional"
"imported-real-book/e-009-El gaucho.musicxml","El gaucho","ok","A minor","minor-functional","45","13.3","1","7","3","2","0","0","0","0","0","0","D9 / D7(b9) / F13 / B7(b9) / A13 / D7alt / D9sus4 / D7alt","cadencias ii-V detectadas; dominantes aplicadas recorrentes; leitura harmonica inferida: minor-functional"
"imported-real-book/e-010-Emily.musicxml","Emily","ok","F major","minor-functional","56","24.24","8","4","4","2","2","1","2","1","1","0.02","C7 / Bb7 / Ab7 / Ab7 / C7 / G7 / G7 / G7","cadencias ii-V detectadas; dominantes aplicadas recorrentes; diminutos com resolucao local; mistura modal funcional; cor de tonica 6/6-9; leitura harmonica inferida: minor-functional"
"imported-real-book/e-011-End of a love affair.musicxml","End of a love affair","ok","F# minor","minor-functional","59","26","0","0","0","20","0","0","0","0","0","0","C#7 / D7 / C#7 / D7 / C#7 / D7 / C#7 / D7","leitura harmonica inferida: minor-functional"
"imported-real-book/e-013-Equinox.musicxml","Equinox","ok","G major","blues","40","14.7","4","1","3","2","0","0","4","0","0","0","E7 / Eb7 / Eb7 / D7 / F7 / D7(#5) / Ab7 / D7(#5)","cadencias ii-V detectadas; dominantes aplicadas recorrentes; mistura modal funcional; leitura harmonica inferida: blues"
"imported-real-book/e-014-Eronel.musicxml","Eronel","ok","F major","blues","38","10.16","4","3","3","0","0","0","0","0","0","0.13","G7 / Gm7/C / C7 / Bb7sus4 / Bm7/E / E7 / Ab7 / Gb7","cadencias ii-V detectadas; dominantes aplicadas recorrentes; leitura harmonica inferida: blues"
"imported-real-book/e-015-Estaté.musicxml","Estaté","ok","D minor","minor-functional","34","12.62","0","8","2","1","4","1","0","0","0","0.06","Dm6 / G7 / C7 / C7(#5) / F6 / A7 / A#° / E7/B","dominantes aplicadas recorrentes; diminutos com resolucao local; leitura harmonica inferida: minor-functional"
"imported-real-book/e-016-Everybody loves my baby.musicxml","Everybody loves my baby","ok","C minor","minor-functional","59","17.9","3","5","2","4","4","2","0","0","0","0","F7 / Ebm6 / Dbdim7 / F7 / Eb7 / G7 / B° / Ab9","cadencias ii-V detectadas; dominantes aplicadas recorrentes; diminutos com resolucao local; leitura harmonica inferida: minor-functional"
"imported-real-book/e-018-Everything's coming up roses.musicxml","Everything's coming up roses","ok","F minor","minor-functional","34","11.9","1","7","5","0","0","0","0","0","0","0","C7 / Bb7 / Eb7 / Db7 / C7 / C7 / Eb7 / Db7","cadencias ii-V detectadas; dominantes aplicadas recorrentes; leitura harmonica inferida: minor-functional"
"imported-real-book/e-019-Evidence.musicxml","Evidence","ok","C major","blues","37","20.9","5","4","5","0","4","3","1","0","7","0","C6 / D9 / G7 / C#° / G7 / C6 / G7 / C6","cadencias ii-V detectadas; dominantes aplicadas recorrentes; diminutos com resolucao local; mistura modal funcional; cor de tonica 6/6-9; leitura harmonica inferida: blues"
"imported-real-book/e-020-Exactly like you.musicxml","Exactly like you","ok","F minor","minor-functional","16","5.4","0","2","1","2","0","0","0","0","0","0","Bb7 / Ab7 / Fm6 / B7 / C7 / Db7 / C7 / B7","dominantes aplicadas recorrentes; leitura harmonica inferida: minor-functional"
"imported-real-book/f-004-Fair weather.musicxml","Fair weather","ok","Eb major","major-functional","30","17.1","5","6","1","1","1","0","2","0","0","0.2","D7/F# / Bb7 / Eb/G / D7/F# / Gm7/F / C/E / B7 / D7","cadencias ii-V detectadas; dominantes aplicadas recorrentes; mistura modal funcional"
"imported-real-book/f-005-Falling grace.musicxml","Falling grace","ok","Db major","minor-functional","42","9","0","3","4","0","0","0","3","0","0","0","Ab7 / B7 / A7 / Ab7 / Ab7(b9) / F#7 / B7","dominantes aplicadas recorrentes; mistura modal funcional; leitura harmonica inferida: minor-functional"
"imported-real-book/f-006-Far Wes.musicxml","Far Wes","ok","G minor","minor-functional","57","8.32","2","4","0","1","0","0","0","0","0","0.11","G13 / F/G / F13 / G13 / F/G / F13 / G13 / F/G","cadencias ii-V detectadas; dominantes aplicadas recorrentes; leitura harmonica inferida: minor-functional"
"imported-real-book/f-007-Favela.musicxml","Favela","ok","G minor","minor-functional","33","13.3","0","4","4","5","0","0","0","0","0","0","Eb7 / D7(#9) / D7 / G7 / Eb7 / D7(#9) / C7(b9) / F7","dominantes aplicadas recorrentes; leitura harmonica inferida: minor-functional"
"imported-real-book/f-008-Fee-fi-fo-fum.musicxml","Fee-fi-fo-fum","ok","Eb major","blues","20","10.8","2","1","2","3","0","0","2","0","0","0","Bb13sus4 / Db7 / C7 / Bb13sus4 / A7(b5) / Db7 / Eb7 / E7","cadencias ii-V detectadas; dominantes aplicadas recorrentes; mistura modal funcional; leitura harmonica inferida: blues"
"imported-real-book/f-009-Feel like making love.musicxml","Feel like making love","ok","G minor","minor-functional","38","7.26","1","3","2","0","1","1","0","0","0","0.18","C/E / C7 / C7/Bb / Gm7/F / A7(#5)","cadencias ii-V detectadas; dominantes aplicadas recorrentes; diminutos com resolucao local; leitura harmonica inferida: minor-functional"
"imported-real-book/f-010-Feels so good.musicxml","Feels so good","ok","C minor","minor-functional","80","23.26","6","9","8","1","0","0","0","0","0","0.03","Ab9 / Cm6 / Gm/D / D7(b9) / Bb7 / Eb6 / C7(b9) / Fm7/Eb","cadencias ii-V detectadas; dominantes aplicadas recorrentes; leitura harmonica inferida: minor-functional"
"imported-real-book/f-011-Felicidade.musicxml","Felicidade","ok","F minor","minor-functional","17","7.22","2","2","2","1","0","0","0","0","0","0.06","Eb7(b9) / Ab7 / C7(b9) / G7(b9) / C7(b9) / G7(b9) / Gm7(b5)/C / C7","cadencias ii-V detectadas; dominantes aplicadas recorrentes; leitura harmonica inferida: minor-functional"
"imported-real-book/f-013-Fever.musicxml","Fever","ok","Ab major","blues","52","16.6","0","8","1","3","0","0","3","0","0","0","Ab13 / A13 / Bb13 / E13 / F13 / Gb13 / G7alt / F7sus4(b9)","dominantes aplicadas recorrentes; mistura modal funcional; leitura harmonica inferida: blues"
"imported-real-book/f-014-Filthy McNasty.musicxml","Filthy McNasty","ok","Eb major","minor-functional","28","4.86","0","2","2","0","0","0","1","0","0","0.18","Db/Ab / F7sus4 / Bb7 / Bb7 / G7 / F7 / Ebm/Ab","dominantes aplicadas recorrentes; mistura modal funcional; leitura harmonica inferida: minor-functional"
"imported-real-book/f-015-Firm roots.musicxml","Firm roots","ok","C major","blues","43","24.7","7","6","2","4","0","0","3","0","0","0","G7 / G7 / C7 / Bb7 / Eb7 / C7 / Db7 / B7","cadencias ii-V detectadas; dominantes aplicadas recorrentes; mistura modal funcional; leitura harmonica inferida: blues"
"imported-real-book/f-017-500 miles high.musicxml","500 miles high","ok","Bb minor","minor-functional","9","3.1","0","0","1","1","1","1","0","0","0","0","D° / Gb13 / F13 / F7","diminutos com resolucao local; leitura harmonica inferida: minor-functional"
"imported-real-book/f-018-Five spot after dark.musicxml","Five spot after dark","ok","F major","minor-functional","40","19.5","5","3","6","2","1","0","2","1","1","0","C7 / Bb9 / Db9 / C7 / D7 / C7 / F6 / B13","cadencias ii-V detectadas; dominantes aplicadas recorrentes; mistura modal funcional; cor de tonica 6/6-9; leitura harmonica inferida: minor-functional"
"imported-real-book/f-019-Flamingo.musicxml","Flamingo","ok","C major","major-functional","37","13.9","4","5","3","1","0","0","0","0","1","0.05","G7 / C7 / F#7 / E7 / A7 / D/F# / G7 / Dm/F","cadencias ii-V detectadas; dominantes aplicadas recorrentes; cor de tonica 6/6-9"
"imported-real-book/f-020-Fly me to the moon.musicxml","Fly me to the moon","ok","Eb major","blues","49","21.28","1","0","9","8","1","1","0","0","7","0.14","Eb6 / Eb7/Db / B7 / Bb7 / Eb6 / Eb7/Db / B7 / Bb7","cadencias ii-V detectadas; diminutos com resolucao local; cor de tonica 6/6-9; leitura harmonica inferida: blues"
"imported-real-book/f-021-Flying home.musicxml","Flying home","ok","C major","major-functional","35","12.4","4","2","5","1","0","0","1","0","0","0","G7 / G7 / A7 / G7 / D7(b5) / D7 / G7 / G7","cadencias ii-V detectadas; dominantes aplicadas recorrentes; mistura modal funcional"
"imported-real-book/f-023-Footprints.musicxml","Footprints","ok","Eb major","major-functional","42","14.2","4","4","5","0","1","0","1","0","2","0.05","Bb7 / Eb6/9 / F9 / Bb7 / C7 / Bb7 / Gbdim7 / D7","cadencias ii-V detectadas; dominantes aplicadas recorrentes; mistura modal funcional; cor de tonica 6/6-9"
"imported-real-book/f-024-For all we know.musicxml","For all we know","ok","Db major","blues","61","22.1","8","6","8","0","0","0","1","0","0","0","D7sus4 / D7sus4 / Ab7 / Bb7 / Ab7 / Bb7 / Ab7 / Bb7","cadencias ii-V detectadas; dominantes aplicadas recorrentes; mistura modal funcional; leitura harmonica inferida: blues"
"imported-real-book/f-025-For regulars only.musicxml","For regulars only","ok","F major","major-functional","67","22.82","9","5","9","0","2","0","1","0","0","0.01","C7 / C7 / C7 / D7 / C7 / C7","cadencias ii-V detectadas; dominantes aplicadas recorrentes; mistura modal funcional"
"imported-real-book/f-026-For sentimentals reasons.musicxml","For sentimentals reasons","ok","C major","minor-functional","23","8.98","0","1","1","1","0","0","5","0","1","0.04","G7(b9) / B7(#9) / Bb7 / Eb7 / Bb7 / Ab7 / C6/9","dominantes aplicadas recorrentes; mistura modal funcional; cor de tonica 6/6-9; leitura harmonica inferida: minor-functional"
"imported-real-book/f-028-Four.musicxml","Four","ok","Ab major","major-functional","40","26.7","8","10","5","0","1","1","1","0","2","0","Bb9 / Eb7(#5) / F9 / F7 / Eb7 / F9 / Eb7 / Ab6","cadencias ii-V detectadas; dominantes aplicadas recorrentes; diminutos com resolucao local; mistura modal funcional; cor de tonica 6/6-9"
"imported-real-book/f-030-Four on six.musicxml","Four on six","ok","Bb major","blues","9","3.3","0","2","0","0","0","0","1","0","0","0","Bb7 / Eb7 / Bb7 / F7 / Eb7 / Ab7 / F7 / Eb7","dominantes aplicadas recorrentes; mistura modal funcional; leitura harmonica inferida: blues"
"imported-real-book/f-032-Freedom jazz dance.musicxml","Freedom jazz dance","ok","F minor","minor-functional","22","8.7","2","4","1","1","0","0","0","0","0","0","C7 / E7(#5) / Ab7 / Gb7 / F7 / E7 / Eb7 / Ab7(#9)","cadencias ii-V detectadas; dominantes aplicadas recorrentes; leitura harmonica inferida: minor-functional"
"imported-real-book/f-033-Freight trane.musicxml","Freight trane","ok","F major","blues","51","18.38","0","2","0","9","0","0","4","0","0","0.04","C13sus4 / C13 / Bb13sus4 / Bb13 / C13sus4 / C13 / Bb13sus4 / Bb13","dominantes aplicadas recorrentes; mistura modal funcional; leitura harmonica inferida: blues"
"imported-real-book/f-034-Friday night at the Cadillac club.musicxml","Friday night at the Cadillac club","ok","F minor","minor-functional","33","6.4","2","2","3","0","0","0","0","0","0","0","C7 / C7(b9) / Db7 / G7 / F7(#11) / Bb7(13) / C7(b9) / Db7","cadencias ii-V detectadas; dominantes aplicadas recorrentes; leitura harmonica inferida: minor-functional"
"imported-real-book/f-035-Fried bananas.musicxml","Fried bananas","ok","F major","major-functional","36","0","0","0","0","0","0","0","0","0","0","0","","Vocabulário funcional direto, sem cromatismo aplicado forte nesta leitura."
"imported-real-book/f-036-Friends and strangers.musicxml","Friends and strangers","ok","F minor","minor-functional","59","14.8","4","5","3","2","0","0","0","0","0","0.05","A/G / A/G / A/G","cadencias ii-V detectadas; dominantes aplicadas recorrentes; leitura harmonica inferida: minor-functional"
