"file","title","status","referenceCenter","referenceIdiom","harmonyCount","dominantCount","simple","color","altered","highAltered","resolvedAltered","contextualAltered","unresolvedAltered","resolvedColor","unresolvedColor","subVResolutions","delayedResolutions","prolongedResolutions","deceptiveResolutions","alteredResolutionRatio","unresolvedAlteredRatio","examples","notes"
"a child is born.musicxml","Untitled score","ok","Bb major","blues","39","12","6","2","3","1","3","1","0","1","1","0","0","2","1","0.75","0","D7(#9) -> Gm (altered) / D7(b9) -> Gm (altered) / D7(b9) -> Gm (altered) / D7alt -> Eb(add9) (high-altered) / Ab9 -> Cm7(b5) (color) / F7(13) -> Bb (color)","dominantes alteradas com resolução local; dominantes alteradas com resolução contextual; dominantes coloridas recorrentes"
"a fine romance.musicxml","Untitled score","ok","C major","blues","41","22","16","6","0","0","0","0","0","6","0","4","1","1","5","0","0","A13 -> Ab13 (color) / Ab13 -> G13 (color) / G13 -> Dm7 (color) / Gb13 -> F13 (color) / F13 -> E7 (color) / G(add9)(b7) -> C6 (color)","dominantes coloridas recorrentes; resoluções cromáticas tipo SubV"
"Actual proof.musicxml","Untitled score","ok","Eb major","blues","20","9","3","5","0","1","0","1","0","2","3","0","0","0","3","0","0","A7alt -> A13 (high-altered) / A13 -> Asus4(7,9,11,13) (color) / Asus4(7,9,11,13) -> Ebm7(b5) (color) / A9 -> Eb(#11)/D (color) / Bsus4(7,9) -> A9 (color) / A9 -> F/E (color)","dominantes alteradas com resolução contextual; dominantes coloridas recorrentes"
"affirmation.musicxml","Untitled score","ok","G major","minor-functional","21","6","6","0","0","0","0","0","0","0","0","2","0","0","1","0","0","","resoluções cromáticas tipo SubV"
"african flower.musicxml","Untitled score","ok","Eb minor","minor-functional","23","6","5","1","0","0","0","0","0","1","0","0","0","0","2","0","0","Gb7(#11) -> Ab7 (color)","dominantes coloridas recorrentes"
"afro blue.musicxml","Untitled score","ok","F minor","minor-functional","38","12","12","0","0","0","0","0","0","0","0","0","0","0","8","0","0","","Predomínio de dominantes simples ou poucas tensões explícitas."
"afron-centric.musicxml","Untitled score","ok","Gb major","major-functional","12","0","0","0","0","0","0","0","0","0","0","0","0","0","0","0","0","","Predomínio de dominantes simples ou poucas tensões explícitas."
"after you.musicxml","Untitled score","ok","G major","minor-functional","55","3","3","0","0","0","0","0","0","0","0","0","0","0","2","0","0","","Predomínio de dominantes simples ou poucas tensões explícitas."
"after you've gone.musicxml","Untitled score","ok","Bb major","minor-functional","34","14","14","0","0","0","0","0","0","0","0","0","0","0","3","0","0","","Predomínio de dominantes simples ou poucas tensões explícitas."
"afternoon in Paris.musicxml","Untitled score","ok","C major","minor-functional","39","15","10","3","2","0","2","0","0","3","0","2","1","1","1","1","0","G7(b9) -> C (altered) / G(add9)(b7) -> C/E (color) / A7(9) -> A7 (color) / G(add9)(b7) -> Dbm7 (color) / G7(b9) -> C (altered)","dominantes alteradas com resolução local; dominantes coloridas recorrentes; resoluções cromáticas tipo SubV"
"Ain't it the truth.musicxml","Untitled score","ok","Db major","blues","36","26","26","0","0","0","0","0","0","0","0","1","3","2","4","0","0","","resoluções cromáticas tipo SubV"
"Ain't misbehavin.musicxml","Untitled score","ok","Eb major","major-functional","50","21","12","3","6","0","5","1","0","3","0","0","1","0","4","0.83","0","C7(b9) -> Fm7 (altered) / Bb9 -> G7 (color) / D7(b9) -> G7(#5) (altered) / G7(#5) -> Cm7 (altered) / F13 -> G7(#9) (color) / G7(#9) -> C7 (altered) / F13 -> Bb7 (color) / G7(#5) -> Ab6 (altered)","dominantes alteradas com resolução local; dominantes alteradas com resolução contextual; dominantes coloridas recorrentes"
"Air mail special.musicxml","Untitled score","ok","Ab major","blues","54","17","17","0","0","0","0","0","0","0","0","2","0","1","0","0","0","","resoluções cromáticas tipo SubV"
"Airegin.musicxml","Untitled score","ok","Bb minor","minor-functional","46","18","14","0","2","2","3","0","1","0","0","2","2","0","4","0.75","0.25","C7alt -> Fm (high-altered) / F7(b9) -> Bbm (altered) / F7alt -> Bbm7 (high-altered) / E7(b9) -> Ab (altered)","dominantes alteradas com resolução local; dominantes alteradas sem alvo imediato; resoluções cromáticas tipo SubV"
"asa branca.musicxml","Untitled score","no-reference-harmony","n/a","n/a","0","0","0","0","0","0","0","0","0","0","0","0","0","0","0","0","0","","Sem cifras de referencia."
"autum leaves.musicxml","Autumn leaves","ok","E minor","minor-functional","67","20","10","0","10","0","10","0","0","0","0","2","0","0","0","1","0","B7(b13) -> Em6 (altered) / B7(b13) -> Em6 (altered) / B7(b13) -> Em6 (altered) / B7(b13) -> Em6 (altered) / B7(b13) -> Em6 (altered) / B7(b13) -> Em6 (altered) / B7(b13) -> Em6 (altered) / B7(b13) -> Em6 (altered)","dominantes alteradas com resolução local; resoluções cromáticas tipo SubV"
"Bright Size Life.musicxml","Imported Score","ok","D major","major-functional","18","3","2","1","0","0","0","0","0","1","0","0","1","0","0","0","0","D9 -> D/C (color)","dominantes coloridas recorrentes"
"exemplo.musicxml","Untitled score","no-reference-harmony","n/a","n/a","0","0","0","0","0","0","0","0","0","0","0","0","0","0","0","0","0","","Sem cifras de referencia."
"imported-real-book/a-002-A child is born.musicxml","A child is born","ok","C major","blues","59","28","22","6","0","0","0","0","0","6","0","5","5","1","6","0","0","A13 -> Ab7 (color) / Ab13 -> Dm7 (color) / G13 -> G7 (color) / Gb13 -> F (color) / F13 -> E7 (color) / G(add9)(b7) -> C6 (color)","dominantes coloridas recorrentes; resoluções cromáticas tipo SubV"
"imported-real-book/a-004-Actual proof.musicxml","Actual proof","ok","G major","minor-functional","21","6","6","0","0","0","0","0","0","0","0","2","0","0","1","0","0","","resoluções cromáticas tipo SubV"
"imported-real-book/a-005-Affirmation.musicxml","Affirmation","ok","Eb minor","minor-functional","23","6","5","1","0","0","0","0","0","1","0","0","0","0","2","0","0","Gb7(#11) -> Ab7 (color)","dominantes coloridas recorrentes"
"imported-real-book/a-006-African flower.musicxml","African flower","ok","F minor","minor-functional","49","12","12","0","0","0","0","0","0","0","0","0","0","0","4","0","0","","Predomínio de dominantes simples ou poucas tensões explícitas."
"imported-real-book/a-007-Afro blue.musicxml","Afro blue","ok","Gb major","major-functional","12","0","0","0","0","0","0","0","0","0","0","0","0","0","0","0","0","","Predomínio de dominantes simples ou poucas tensões explícitas."
"imported-real-book/a-008-Afro-centric.musicxml","Afro-centric","ok","Gb major","major-functional","11","0","0","0","0","0","0","0","0","0","0","0","0","0","0","0","0","","Predomínio de dominantes simples ou poucas tensões explícitas."
"imported-real-book/a-009-Afro-centric.musicxml","Afro-centric","ok","G major","minor-functional","55","3","3","0","0","0","0","0","0","0","0","0","0","0","2","0","0","","Predomínio de dominantes simples ou poucas tensões explícitas."
"imported-real-book/a-010-After you.musicxml","After you","ok","Bb major","minor-functional","34","14","14","0","0","0","0","0","0","0","0","0","0","0","3","0","0","","Predomínio de dominantes simples ou poucas tensões explícitas."
"imported-real-book/a-011-After you've gone.musicxml","After you've gone","ok","C major","minor-functional","44","15","10","3","2","0","2","0","0","3","0","1","1","0","1","1","0","G7(b9) -> C (altered) / G(add9)(b7) -> C/E (color) / A7(9) -> Em7 (color) / G(add9)(b7) -> C (color) / G7(b9) -> C (altered)","dominantes alteradas com resolução local; dominantes coloridas recorrentes; resoluções cromáticas tipo SubV"
"imported-real-book/a-012-Afternoon in Paris.musicxml","Afternoon in Paris","ok","Db major","blues","36","26","26","0","0","0","0","0","0","0","0","1","3","2","4","0","0","","resoluções cromáticas tipo SubV"
"imported-real-book/a-013-Ain't it the truth.musicxml","Ain't it the truth","ok","Eb major","blues","77","33","24","3","6","0","4","2","0","3","0","0","3","3","4","0.67","0","C7(b9) -> Fm7 (altered) / Bb9 -> G7 (color) / D7(b9) -> G7 (altered) / G7(#5) -> Cm7 (altered) / F13 -> G7(#9) (color) / G7(#9) -> Gm7 (altered) / F13 -> Bb7 (color) / G7(#5) -> Eb7 (altered)","dominantes alteradas com resolução local; dominantes alteradas com resolução contextual; dominantes coloridas recorrentes"
"imported-real-book/a-014-Ain't misbehavin.musicxml","Ain't misbehavin","ok","Bb minor","minor-functional","46","18","14","0","2","2","3","0","1","0","0","2","2","0","4","0.75","0.25","C7alt -> Fm (high-altered) / F7(b9) -> Bbm (altered) / F7alt -> Bbm7 (high-altered) / E7(b9) -> Ab (altered)","dominantes alteradas com resolução local; dominantes alteradas sem alvo imediato; resoluções cromáticas tipo SubV"
"imported-real-book/a-015-Airegin.musicxml","Airegin","ok","Ab major","blues","54","17","17","0","0","0","0","0","0","0","0","2","0","1","0","0","0","","resoluções cromáticas tipo SubV"
"imported-real-book/a-017-Aja.musicxml","Aja","ok","C major","minor-functional","51","21","17","1","3","0","0","3","0","1","0","7","2","1","2","0","0","G7(#5) -> Dm7 (altered) / D7(#11) -> Gsus4(7) (color) / C7(b9) -> C (altered) / C7(b9) -> C (altered)","dominantes alteradas com resolução contextual; dominantes coloridas recorrentes; resoluções cromáticas tipo SubV"
"imported-real-book/a-019-Alfie.musicxml","Alfie","ok","Bb minor","minor-functional","40","14","6","0","8","0","8","0","0","0","0","0","0","0","0","1","0","F7(b9) -> Bbm (altered) / F7(b9) -> Bbm (altered) / F7(b9) -> Bbm (altered) / F7(b9) -> Bbm (altered) / F7(b9) -> Bbm (altered) / F7(b9) -> Bbm (altered) / F7(b9) -> Bbm (altered) / F7(b9) -> Bbm (altered)","dominantes alteradas com resolução local"
"imported-real-book/a-020-Alfie's theme.musicxml","Alfie's theme","ok","C major","major-functional","54","21","20","0","1","0","1","0","0","0","0","3","1","0","4","1","0","B7(b9) -> Em7 (altered)","dominantes alteradas com resolução local; resoluções cromáticas tipo SubV"
"imported-real-book/a-021-Alice in wonderland.musicxml","Alice in wonderland","ok","B minor","minor-functional","37","9","9","0","0","0","0","0","0","0","0","1","2","0","2","0","0","","resoluções cromáticas tipo SubV"
"imported-real-book/a-022-All alone.musicxml","All alone","ok","G major","blues","7","7","4","0","2","1","2","1","0","0","0","1","0","0","1","0.67","0","D7(#9) -> Eb7(#9) (altered) / Eb7(#9) -> D7(#9,b13) (altered) / D7(#9,b13) -> G7 (high-altered)","dominantes alteradas com resolução local; dominantes alteradas com resolução contextual; resoluções cromáticas tipo SubV"
"imported-real-book/a-023-All blues.musicxml","All blues","ok","D minor","minor-functional","45","18","12","3","2","1","2","1","0","3","0","0","0","1","5","0.67","0","D7(#9) -> Gm7 (altered) / A7alt -> Dm (high-altered) / Eb9 -> F/C (color) / G9 -> Csus4(7) (color) / A7(b9) -> Bbm7 (altered) / Eb9 -> F/C (color)","dominantes alteradas com resolução local; dominantes alteradas com resolução contextual; dominantes coloridas recorrentes"
"imported-real-book/a-024-All in love is fair.musicxml","All in love is fair","ok","A minor","minor-functional","45","16","5","0","11","0","7","4","0","0","0","0","0","1","6","0.64","0","D7(b9) -> Bm7 (altered) / E7(b9) -> Am7 (altered) / D7(b9) -> Bm7 (altered) / E7(b9) -> Am7 (altered) / D7(b9) -> Gsus4(7) (altered) / E7(b9) -> Am7 (altered) / D7(b9) -> Bm7 (altered) / E7(b9) -> Am7 (altered)","dominantes alteradas com resolução local; dominantes alteradas com resolução contextual"
"imported-real-book/a-025-All my tomorrows.musicxml","All my tomorrows","ok","C major","major-functional","24","10","10","0","0","0","0","0","0","0","0","0","1","0","0","0","0","","Predomínio de dominantes simples ou poucas tensões explícitas."
"imported-real-book/a-026-All of me.musicxml","All of me","ok","Eb major","major-functional","37","12","9","0","3","0","1","2","0","0","0","0","3","0","1","0.33","0","Bb7(b9) -> Abm6 (altered) / Bb7(b9) -> Abm6 (altered) / D7(b9) -> Gm7 (altered)","dominantes alteradas com resolução local; dominantes alteradas com resolução contextual"
"imported-real-book/a-027-All of you.musicxml","All of you","ok","A minor","minor-functional","88","28","18","5","5","0","3","1","1","5","0","3","2","3","6","0.6","0.2","Bb9 -> Bb7 (color) / Db9(#11) -> G7(#5) (color) / G7(#5) -> C (altered) / E7(#9) -> Ab (altered) / C7(#5) -> C7 (altered) / Db9 -> Db7 (color) / E7(#5) -> Am (altered) / Bb9 -> Bb7 (color)","dominantes alteradas com resolução local; dominantes alteradas com resolução contextual; dominantes alteradas sem alvo imediato; dominantes coloridas recorrentes; resoluções cromáticas tipo SubV"
"imported-real-book/a-028-All or nothing at all.musicxml","All or nothing at all","ok","Ab major","major-functional","34","11","10","0","1","0","1","0","0","0","0","0","0","0","0","1","0","C7(#5) -> Fm7 (altered)","dominantes alteradas com resolução local"
"imported-real-book/a-030-All the things you are.musicxml","All the things you are","ok","Bb major","blues","38","15","11","2","2","0","2","0","0","1","1","1","0","1","1","1","0","Bb9 -> Dm7 (color) / Fsus4(7,9) -> F7(b9) (color) / F7(b9) -> Bb6 (altered) / F7(b9) -> Bb6 (altered)","dominantes alteradas com resolução local; dominantes coloridas recorrentes; resoluções cromáticas tipo SubV"
"imported-real-book/a-031-Almost like being in love.musicxml","Almost like being in love","ok","D minor","minor-functional","44","17","9","0","8","0","8","0","0","0","0","3","0","0","0","1","0","A7(b9) -> Dm (altered) / A7(b9) -> Dm (altered) / D7(b9) -> Gm (altered) / D7(b9) -> Gm (altered) / C7(b9) -> F (altered) / A7(b9) -> Dm (altered) / A7(b9) -> Dm (altered) / A7(b9) -> Dm (altered)","dominantes alteradas com resolução local; resoluções cromáticas tipo SubV"
"imported-real-book/a-032-Alone together.musicxml","Alone together","ok","G minor","minor-functional","43","17","12","0","5","0","3","2","0","0","0","1","1","1","2","0.6","0","A7(#5) -> Dm7 (altered) / A7(#9) -> Fm7 (altered) / F7(b9) -> Bbm7(b5) (altered) / Eb7(b9) -> Eb7(#9) (altered) / Eb7(#9) -> Ab (altered)","dominantes alteradas com resolução local; dominantes alteradas com resolução contextual; resoluções cromáticas tipo SubV"
"imported-real-book/a-033-Along came Betty.musicxml","Along came Betty","ok","A minor","minor-functional","58","6","3","0","3","0","2","1","0","0","0","0","0","0","1","0.67","0","G7(b9)/B -> Am7 (altered) / D7(b9) -> G (altered) / E7(b9) -> Am7 (altered)","dominantes alteradas com resolução local; dominantes alteradas com resolução contextual"
"imported-real-book/a-034-Always and forever.musicxml","Always and forever","ok","Bb minor","minor-functional","55","20","3","9","8","0","2","6","0","7","2","1","5","0","8","0.25","0","Gsus4(b9,7) -> Eb/G (altered) / Gsus4(b9,7) -> Eb/G (altered) / Csus4(7,9) -> D/C (color) / Csus4(7,9) -> Ab(add9)/C (color) / Gsus4(b9,7) -> Eb/G (altered) / Gsus4(7,13) -> Fsus4(7) (color) / Ebsus4(7,9) -> D (color) / F7(#5) -> Bbm7(9) (altered)","dominantes alteradas com resolução local; dominantes alteradas com resolução contextual; dominantes coloridas recorrentes; resoluções cromáticas tipo SubV"
"imported-real-book/a-035-Ana Maria.musicxml","Ana Maria","ok","C minor","minor-functional","61","30","17","8","3","2","5","0","0","6","2","9","3","0","2","1","0","Ab9 -> Cm7 (color) / A7alt -> Ab9 (high-altered) / Ab9 -> G7(#5) (color) / G7(#5) -> Cm(7) (altered) / Eb7(13) -> Ab (color) / Eb7(13) -> Ab (color) / D7(13) -> G (color) / Ab9 -> Cm7 (color)","dominantes alteradas com resolução local; dominantes coloridas recorrentes; resoluções cromáticas tipo SubV"
"imported-real-book/a-037-Angel eyes.musicxml","Angel eyes","ok","F# minor","minor-functional","34","12","6","3","0","3","3","0","0","1","2","0","0","0","1","1","0","E13 -> D (color) / C#7alt -> F#m9 (high-altered) / E13 -> F#m9 (color) / C#7alt -> F#m9 (high-altered) / E13 -> D (color) / C#7alt -> F#m9 (high-altered)","dominantes alteradas com resolução local; dominantes coloridas recorrentes"
"imported-real-book/a-039-Another Time.musicxml","Another Time","ok","Bb major","blues","49","25","25","0","0","0","0","0","0","0","0","2","6","1","1","0","0","","resoluções cromáticas tipo SubV"
"imported-real-book/a-040-Anthropology.musicxml","Anthropology","ok","D minor","minor-functional","33","12","12","0","0","0","0","0","0","0","0","0","0","0","0","0","0","","Predomínio de dominantes simples ou poucas tensões explícitas."
"imported-real-book/a-042-April.musicxml","April","ok","C major","blues","46","14","8","0","5","1","5","1","0","0","0","0","4","0","0","0.83","0","Gsus4(7,b9) -> C (altered) / B7(b9) -> Bm7 (altered) / A7(b9) -> Dm7 (altered) / B7(b9) -> E (altered) / Gsus4(7,b9) -> C (altered) / A7alt -> D7 (high-altered)","dominantes alteradas com resolução local; dominantes alteradas com resolução contextual"
"imported-real-book/a-045-April in Paris.musicxml","April in Paris","ok","Bb major","major-functional","25","3","3","0","0","0","0","0","0","0","0","0","0","0","0","0","0","","Predomínio de dominantes simples ou poucas tensões explícitas."
"imported-real-book/a-046-April joy.musicxml","April joy","ok","C minor","minor-functional","37","22","16","0","6","0","6","0","0","0","0","0","0","2","7","1","0","C7(b9) -> Fm7 (altered) / D7(b9)/F# -> Gm7 (altered) / G7(#5) -> Cm7 (altered) / G7(b9) -> Cm7 (altered) / G7(b9) -> Cm7 (altered) / G7(#5) -> Cm (altered)","dominantes alteradas com resolução local"
"imported-real-book/a-047-Armando's rhumba.musicxml","Armando's rhumba","ok","Eb major","minor-functional","76","28","18","4","4","2","3","3","0","4","0","2","4","2","3","0.5","0","Bb7(9) -> Bb9sus4(7,9) (color) / Bb9sus4(7,9) -> Bbm6 (color) / Bb7(b9) -> Eb6/9 (altered) / Bb9sus4(7,9) -> Bb7(b9) (color) / Bb7(b9) -> Eb (altered) / G7(#5) -> G7 (altered) / E7(b9) -> Bb7 (altered) / Bb7(b9,b13) -> Fm7 (high-altered)","dominantes alteradas com resolução local; dominantes alteradas com resolução contextual; dominantes coloridas recorrentes; resoluções cromáticas tipo SubV"
"imported-real-book/a-048-As time goes by.musicxml","As time goes by","ok","G minor","minor-functional","53","30","0","14","7","9","14","2","0","14","0","5","1","0","9","0.88","0","Bb13 -> A7alt (color) / A7alt -> Dm7 (high-altered) / Bb13 -> A7alt (color) / A7alt -> Dm7 (high-altered) / Bb13 -> A7alt (color) / A7alt -> Dm7 (high-altered) / A7alt -> Dm7 (high-altered) / Bb13 -> A7alt (color)","dominantes alteradas com resolução local; dominantes alteradas com resolução contextual; dominantes coloridas recorrentes; resoluções cromáticas tipo SubV"
"imported-real-book/a-049-Asa.musicxml","Asa","ok","G minor","minor-functional","53","30","0","14","7","9","14","2","0","14","0","5","1","0","9","0.88","0","Bb13 -> A7alt (color) / A7alt -> Dm7 (high-altered) / Bb13 -> A7alt (color) / A7alt -> Dm7 (high-altered) / Bb13 -> A7alt (color) / A7alt -> Dm7 (high-altered) / A7alt -> Dm7 (high-altered) / Bb13 -> A7alt (color)","dominantes alteradas com resolução local; dominantes alteradas com resolução contextual; dominantes coloridas recorrentes; resoluções cromáticas tipo SubV"
"imported-real-book/a-052-Ask me now.musicxml","Ask me now","ok","C major","major-functional","63","28","16","1","11","0","11","0","0","1","0","1","1","0","1","1","0","G13 -> C (color) / G7(#9) -> C (altered) / G7(b9) -> C (altered) / G7(b13) -> C (altered) / G7(#9) -> C (altered) / A7(b9) -> Dm7 (altered) / G7(b9) -> C (altered) / E7(#5) -> Am7 (altered)","dominantes alteradas com resolução local; dominantes coloridas recorrentes; resoluções cromáticas tipo SubV"
"imported-real-book/a-053-At last.musicxml","At last","ok","F major","blues","21","8","5","0","3","0","2","1","0","0","0","0","1","0","1","0.67","0","F7(#5) -> Bb7(b9) (altered) / Bb7(b9) -> Bbm7 (altered) / D7(b9) -> Gm7 (altered)","dominantes alteradas com resolução local; dominantes alteradas com resolução contextual"
"imported-real-book/a-054-Au privave.musicxml","Au privave","ok","G minor","minor-functional","54","18","14","0","4","0","3","1","0","0","0","4","0","0","1","0.75","0","D7(b9) -> Gm7 (altered) / G7(b9) -> C (altered) / C7(#5) -> Gm7 (altered) / C7(b9) -> Fm (altered)","dominantes alteradas com resolução local; dominantes alteradas com resolução contextual; resoluções cromáticas tipo SubV"
"imported-real-book/a-055-Autumn in New York.musicxml","Autumn in New York","ok","G minor","minor-functional","35","15","11","1","3","0","3","0","0","1","0","2","1","1","1","1","0","D7(b9) -> Gm (altered) / D7(b9) -> Gm7 (altered) / C9 -> D7/F# (color) / D7(#5) -> Gm (altered)","dominantes alteradas com resolução local; dominantes coloridas recorrentes; resoluções cromáticas tipo SubV"
"imported-real-book/a-056-Autumn leaves.musicxml","Autumn leaves","ok","Bb major","major-functional","18","7","7","0","0","0","0","0","0","0","0","0","1","0","0","0","0","","Predomínio de dominantes simples ou poucas tensões explícitas."
"imported-real-book/b-002-Baby It's Cold Outside.musicxml","Baby It's Cold Outside","ok","G minor","minor-functional","19","15","15","0","0","0","0","0","0","0","0","0","0","1","4","0","0","","Predomínio de dominantes simples ou poucas tensões explícitas."
"imported-real-book/b-003-Bag's groove.musicxml","Bag's groove","ok","Bb major","major-functional","40","28","28","0","0","0","0","0","0","0","0","3","2","0","10","0","0","","resoluções cromáticas tipo SubV"
"imported-real-book/b-004-Ballin' the jack.musicxml","Ballin' the jack","ok","C major","blues","13","11","8","3","0","0","0","0","0","3","0","1","1","1","0","0","0","Eb7(#11) -> Bb7 (color) / Bb7(#11) -> Eb7 (color) / Bb7(#11) -> fim (color)","dominantes coloridas recorrentes; resoluções cromáticas tipo SubV"
"imported-real-book/b-005-Ba-lue Bolivar ba-lues are.musicxml","Ba-lue Bolivar ba-lues are","ok","F major","blues","13","6","5","0","1","0","1","0","0","0","0","0","1","0","0","1","0","C7(b9) -> F (altered)","dominantes alteradas com resolução local"
"imported-real-book/b-007-Basin street blues.musicxml","Basin street blues","ok","F minor","minor-functional","58","17","10","1","6","0","6","0","0","1","0","5","0","0","0","1","0","C7(b5) -> Fm (altered) / Gb9 -> Fm (color) / C7(b9) -> Fm (altered) / Bb7(#5) -> Eb (altered) / Ab7(#5) -> Db (altered) / C7(#5) -> Fm (altered) / C7(#5) -> Fm (altered)","dominantes alteradas com resolução local; dominantes coloridas recorrentes; resoluções cromáticas tipo SubV"
"imported-real-book/b-008-Be bop.musicxml","Be bop","ok","D minor","minor-functional","25","14","10","1","3","0","2","1","0","1","0","3","1","0","2","0.67","0","A7(#5) -> Dm (altered) / B7(b5) -> G7(#11) (altered) / G7(#11) -> Em7(b5) (color) / B7(#5) -> Bb7 (altered)","dominantes alteradas com resolução local; dominantes alteradas com resolução contextual; dominantes coloridas recorrentes; resoluções cromáticas tipo SubV"
"imported-real-book/b-009-Beautiful love.musicxml","Beautiful love","ok","A minor","minor-functional","32","18","18","0","0","0","0","0","0","0","0","10","0","0","3","0","0","","resoluções cromáticas tipo SubV"
"imported-real-book/b-010-Bemsha swing.musicxml","Bemsha swing","ok","D minor","minor-functional","29","10","8","2","0","0","0","0","0","2","0","2","2","0","1","0","0","Bb9 -> Em7(b5) (color) / Bb9 -> Em7(b5) (color)","dominantes coloridas recorrentes; resoluções cromáticas tipo SubV"
"imported-real-book/b-011-Bernie's tune.musicxml","Bernie's tune","ok","Ab major","blues","24","22","21","1","0","0","0","0","0","1","0","1","6","3","0","0","0","Eb9 -> fim (color)","dominantes coloridas recorrentes; resoluções cromáticas tipo SubV"
"imported-real-book/b-012-Bessie's blues.musicxml","Bessie's blues","ok","C major","major-functional","43","15","14","0","1","0","1","0","0","0","0","0","2","0","4","1","0","A7(#9) -> Dm7 (altered)","dominantes alteradas com resolução local"
"imported-real-book/b-013-Bewitched.musicxml","Bewitched","ok","G minor","minor-functional","29","20","20","0","0","0","0","0","0","0","0","1","3","0","3","0","0","","resoluções cromáticas tipo SubV"
"imported-real-book/b-014-Billie's bounce.musicxml","Billie's bounce","ok","Bb major","blues","13","7","7","0","0","0","0","0","0","0","0","0","0","0","1","0","0","","Predomínio de dominantes simples ou poucas tensões explícitas."
"imported-real-book/b-019-Birk's works.musicxml","Birk's works","ok","C major","major-functional","54","18","16","0","2","0","0","2","0","0","0","3","2","0","3","0","0","E7(#5) -> F6 (altered) / E7(#5) -> F6 (altered)","dominantes alteradas com resolução contextual; resoluções cromáticas tipo SubV"
"imported-real-book/b-020-Birth of the blues.musicxml","Birth of the blues","ok","Bb major","minor-functional","32","16","14","0","2","0","1","1","0","0","0","2","2","0","1","0.5","0","F7(b9) -> F7 (altered) / G7(#5) -> C7 (altered)","dominantes alteradas com resolução local; dominantes alteradas com resolução contextual; resoluções cromáticas tipo SubV"
"imported-real-book/b-021-Black and tan fantasy.musicxml","Black and tan fantasy","ok","Eb minor","minor-functional","52","38","11","7","18","2","9","11","0","7","0","13","6","0","11","0.45","0","Db7(#9) -> D7(#9) (altered) / D7(#9) -> Db7(#9) (altered) / Db7(#9) -> D7(#9) (altered) / D7(#9) -> Db7(#9) (altered) / Db7(#9) -> D7(#9) (altered) / D7(#9) -> Db7(#9) (altered) / Db7(#9) -> G13 (altered) / G13 -> Gb7 (color)","dominantes alteradas com resolução local; dominantes alteradas com resolução contextual; dominantes coloridas recorrentes; resoluções cromáticas tipo SubV"
"imported-real-book/b-022-Black coffe.musicxml","Black coffe","ok","Ab minor","minor-functional","27","2","0","2","0","0","0","0","0","0","2","0","0","0","0","0","0","Cb9(#11) -> Fm9 (color) / A9(#11) -> Eb(#11) (color)","dominantes coloridas recorrentes"
"imported-real-book/b-024-Black nile.musicxml","Black nile","ok","A minor","minor-functional","49","12","2","0","10","0","9","1","0","0","0","0","1","0","0","0.9","0","E7(b9) -> Am (altered) / E7(b9) -> Am (altered) / E7(b9) -> Am (altered) / E7(b9) -> Am (altered) / E7(b9) -> Am (altered) / E7(b9) -> E° (altered) / A7(b9) -> Dm (altered) / E7(b9) -> Am (altered)","dominantes alteradas com resolução local; dominantes alteradas com resolução contextual"
"imported-real-book/b-026-Black Orpheus.musicxml","Black Orpheus","ok","Eb major","blues","66","22","21","1","0","0","0","0","0","1","0","1","0","2","4","0","0","Db9(#11) -> C7 (color)","dominantes coloridas recorrentes; resoluções cromáticas tipo SubV"
"imported-real-book/b-027-Blame it on my youth.musicxml","Blame it on my youth","ok","G minor","minor-functional","23","3","3","0","0","0","0","0","0","0","0","0","0","0","0","0","0","","Predomínio de dominantes simples ou poucas tensões explícitas."
"imported-real-book/b-028-Blessed relief.musicxml","Blessed relief","ok","C minor","minor-functional","10","6","6","0","0","0","0","0","0","0","0","0","0","0","1","0","0","","Predomínio de dominantes simples ou poucas tensões explícitas."
"imported-real-book/b-029-Bloomdido.musicxml","Bloomdido","ok","C minor","minor-functional","13","4","1","1","0","2","2","0","0","1","0","0","0","0","0","1","0","G7alt -> Cm6 (high-altered) / Ab13 -> Db (color) / G7alt -> Cm6 (high-altered)","dominantes alteradas com resolução local; dominantes coloridas recorrentes"
"imported-real-book/b-030-Blue bossa.musicxml","Blue bossa","ok","D major","blues","22","12","0","12","0","0","0","0","0","10","2","2","0","2","1","0","0","C9 -> Bm7 (color) / E13 -> Bm9 (color) / E13(#11) -> Bm9 (color) / E13(#11) -> Gm9 (color) / C13 -> D (color) / C13(#11) -> Em9 (color) / Asus4(7,9,11,13) -> A13 (color) / A13 -> D6 (color)","dominantes coloridas recorrentes; resoluções cromáticas tipo SubV"
"imported-real-book/b-031-Blue Daniel.musicxml","Blue Daniel","ok","D minor","minor-functional","16","6","1","0","5","0","5","0","0","0","0","1","0","0","0","1","0","A7(b13) -> Dm7(9) (altered) / F7(b9) -> Bb(#11) (altered) / A7(b13) -> Dm6(9) (altered) / E7(#9) -> Am7(9) (altered) / A7(#9) -> Dm6(9) (altered)","dominantes alteradas com resolução local; resoluções cromáticas tipo SubV"
"imported-real-book/b-032-Blue in green.musicxml","Blue in green","ok","Bb major","blues","13","12","12","0","0","0","0","0","0","0","0","0","1","0","1","0","0","","Predomínio de dominantes simples ou poucas tensões explícitas."
"imported-real-book/b-033-Blue Monk.musicxml","Blue Monk","ok","Eb major","blues","87","37","17","9","11","0","8","2","1","9","0","11","4","2","1","0.73","0.09","Db9(#11) -> Cm7 (color) / C7(#9) -> Fm7 (altered) / B9 -> Bbsus4(7,9) (color) / Bbsus4(7,9) -> Bb9(#9) (color) / Bb9(#9) -> Eb6 (altered) / A7(b5) -> Cm7 (altered) / Db9(#11) -> Cm7 (color) / C7(#9) -> Fm7 (altered)","dominantes alteradas com resolução local; dominantes alteradas com resolução contextual; dominantes alteradas sem alvo imediato; dominantes coloridas recorrentes; resoluções cromáticas tipo SubV"
"imported-real-book/b-034-Blue moon.musicxml","Blue moon","ok","F major","blues","43","14","14","0","0","0","0","0","0","0","0","0","1","0","1","0","0","","Predomínio de dominantes simples ou poucas tensões explícitas."
"imported-real-book/b-035-Blue room.musicxml","Blue room","ok","C minor","minor-functional","22","7","7","0","0","0","0","0","0","0","0","0","0","0","6","0","0","","Predomínio de dominantes simples ou poucas tensões explícitas."
"imported-real-book/b-036-Blue trane.musicxml","Blue trane","ok","Eb major","blues","39","14","14","0","0","0","0","0","0","0","0","1","1","0","2","0","0","","resoluções cromáticas tipo SubV"
"imported-real-book/b-037-Blueberry hill.musicxml","Blueberry hill","ok","F major","blues","19","9","8","0","1","0","1","0","0","0","0","3","4","0","0","1","0","A7(b9) -> Dm7 (altered)","dominantes alteradas com resolução local; resoluções cromáticas tipo SubV"
"imported-real-book/b-038-Blues for Alice.musicxml","Blues for Alice","ok","G minor","minor-functional","20","8","8","0","0","0","0","0","0","0","0","1","0","0","1","0","0","","resoluções cromáticas tipo SubV"
"imported-real-book/b-039-Bluesette.musicxml","Bluesette","ok","Db major","blues","55","19","15","3","1","0","1","0","0","3","0","5","1","0","1","1","0","Gb9 -> Fm7 (color) / F7(b9) -> Bbm7 (altered) / Ab9 -> Db (color) / Gb9 -> Fm7 (color)","dominantes alteradas com resolução local; dominantes coloridas recorrentes; resoluções cromáticas tipo SubV"
"imported-real-book/b-041-Bohemia after dark.musicxml","Bohemia after dark","ok","F major","blues","20","10","2","5","1","2","2","1","0","5","0","4","0","1","1","0.67","0","Bbsus4(7,9,11,13) -> Asus4(7,9,11,13) (color) / Asus4(7,9,11,13) -> A13 (color) / A13 -> D (color) / F#7alt -> Bm7 (high-altered) / C9(#11) -> Bm7 (color) / B13(b9) -> Bb9 (altered) / Bb9 -> A7alt (color) / A7alt -> fim (high-altered)","dominantes alteradas com resolução local; dominantes alteradas com resolução contextual; dominantes coloridas recorrentes; resoluções cromáticas tipo SubV"
"imported-real-book/b-042-Bolivia.musicxml","Bolivia","ok","Bb major","minor-functional","40","11","4","1","0","6","4","2","0","1","0","0","2","0","0","0.67","0","F7alt -> Bb (high-altered) / F7alt -> Cm7 (high-altered) / F7alt -> Bb (high-altered) / Eb7alt -> Bbm7 (high-altered) / Eb7alt -> Ab (high-altered) / C13(#11) -> Gm7 (color) / F7alt -> Bb (high-altered)","dominantes alteradas com resolução local; dominantes alteradas com resolução contextual; dominantes coloridas recorrentes"
"imported-real-book/b-043-Boplicity.musicxml","Boplicity","ok","C minor","minor-functional","52","30","26","1","3","0","2","1","0","1","0","8","4","0","2","0.67","0","Ab7(#11) -> Dm7 (color) / G7(b9) -> Cm6(9) (altered) / G7(#5) -> C7 (altered) / C7(b9) -> Cm6(9) (altered)","dominantes alteradas com resolução local; dominantes alteradas com resolução contextual; dominantes coloridas recorrentes; resoluções cromáticas tipo SubV"
"imported-real-book/b-046-Both sides of the coin.musicxml","Both sides of the coin","ok","Bb major","major-functional","33","14","6","6","2","0","1","1","0","6","0","1","2","1","0","0.5","0","G7(#11) -> Cm7 (color) / F7(#11) -> Bb (color) / A7(b9) -> Dm7 (altered) / G7(#11) -> Cm7 (color) / F7(#11) -> Bb (color) / F#7(#5) -> Bb/F (altered) / C7(#11) -> Gb9 (color) / Gb9 -> F7 (color)","dominantes alteradas com resolução local; dominantes alteradas com resolução contextual; dominantes coloridas recorrentes; resoluções cromáticas tipo SubV"
"imported-real-book/b-050-Bud Powell.musicxml","Bud Powell","ok","C minor","minor-functional","10","8","7","0","1","0","1","0","0","0","0","0","0","0","2","1","0","G9(#9) -> Cm7 (altered)","dominantes alteradas com resolução local"
"imported-real-book/b-052-Bud's blues.musicxml","Bud's blues","ok","G major","blues","40","18","11","5","2","0","1","1","0","4","1","0","1","2","3","0.5","0","E7(b9) -> Am9 (altered) / F#7(b9) -> G (altered) / A9 -> D13 (color) / D13 -> C° (color) / Dsus4(7,9) -> D7 (color) / A9 -> Am7 (color) / F9 -> G/D (color)","dominantes alteradas com resolução local; dominantes alteradas com resolução contextual; dominantes coloridas recorrentes"
"imported-real-book/b-053-But beautyful.musicxml","But beautyful","ok","Bb major","blues","9","5","4","0","1","0","0","1","0","0","0","0","0","0","1","0","0","F7(#9) -> fim (altered)","dominantes alteradas com resolução contextual"
"imported-real-book/b-054-Buzzy.musicxml","Buzzy","ok","F major","blues","49","24","6","9","9","0","8","1","0","9","0","3","0","5","2","0.89","0","Csus4(7,9) -> C7 (color) / D7(b9) -> Gm7 (altered) / D7(b9) -> Gm7 (altered) / D7(#5) -> Gm7 (altered) / Csus4(7,9,11,13) -> C13(b9) (color) / C13(b9) -> F6 (altered) / Csus4(7,9,11,13) -> C7(b9) (color) / C7(b9) -> Am7(b5) (altered)","dominantes alteradas com resolução local; dominantes alteradas com resolução contextual; dominantes coloridas recorrentes; resoluções cromáticas tipo SubV"
"imported-real-book/c-002-Cantaloupe island.musicxml","Cantaloupe island","ok","F minor","minor-functional","20","16","8","4","3","1","1","2","1","4","0","4","0","0","2","0.25","0.25","C7(b9) -> Db7 (altered) / C7(b9) -> Db7 (altered) / Bb13 -> Eb9 (color) / Eb9 -> Ab13 (color) / Ab13 -> Db9 (color) / Db9 -> C7(#6,#5) (color) / C7(#6,#5) -> Fm6(9) (altered) / G7alt -> Fm6(9) (high-altered)","dominantes alteradas com resolução local; dominantes alteradas com resolução contextual; dominantes alteradas sem alvo imediato; dominantes coloridas recorrentes; resoluções cromáticas tipo SubV"
"imported-real-book/c-003-Caravan.musicxml","Caravan","ok","F major","blues","23","10","9","0","1","0","1","0","0","0","0","0","0","1","1","1","0","F7(#5)/A -> Bb (altered)","dominantes alteradas com resolução local"
"imported-real-book/c-004-Careless love.musicxml","Careless love","ok","F minor","major-functional","6","0","0","0","0","0","0","0","0","0","0","0","0","0","0","0","0","","Predomínio de dominantes simples ou poucas tensões explícitas."
"imported-real-book/c-005-Cariba.musicxml","Cariba","ok","D minor","minor-functional","21","15","5","9","1","0","0","1","0","7","2","5","1","0","5","0","0","Eb9 -> Dm6(9) (color) / Eb9 -> D9 (color) / D9 -> C13sus4 (color) / C13sus4 -> B13sus4 (color) / B13sus4 -> C13sus4 (color) / C13sus4 -> C13 (color) / C13 -> B13sus4 (color) / B13sus4 -> C13sus4 (color)","dominantes alteradas com resolução contextual; dominantes coloridas recorrentes; resoluções cromáticas tipo SubV"
"imported-real-book/c-006-Casa forte.musicxml","Casa forte","ok","D minor","minor-functional","30","12","8","0","4","0","4","0","0","0","0","0","0","0","0","1","0","A7(#9) -> Dm7 (altered) / D7(b9) -> Gm7 (altered) / A7(b9) -> Dm7 (altered) / A7(#9) -> Dm7 (altered)","dominantes alteradas com resolução local"
"imported-real-book/c-008-Cedar's blues.musicxml","Cedar's blues","ok","Bb major","major-functional","33","13","12","0","1","0","0","1","0","0","0","5","2","0","0","0","0","F7(b9) -> fim (altered)","dominantes alteradas com resolução contextual; resoluções cromáticas tipo SubV"
"imported-real-book/c-009-Celia.musicxml","Celia","ok","B major","major-functional","76","22","22","0","0","0","0","0","0","0","0","0","0","0","0","0","0","","Predomínio de dominantes simples ou poucas tensões explícitas."
"imported-real-book/c-010-Central park west.musicxml","Central park west","ok","Ab major","major-functional","33","14","0","7","5","2","6","1","0","7","0","1","1","1","4","0.86","0","Eb7(b9) -> Ab (altered) / Ab13 -> D (color) / G13 -> Ab (color) / F7alt -> Bbm9 (high-altered) / Eb9 -> Cm9 (color) / F9 -> Dm9 (color) / G9 -> Cm7 (color) / F7(#5) -> Bbm7 (altered)","dominantes alteradas com resolução local; dominantes alteradas com resolução contextual; dominantes coloridas recorrentes; resoluções cromáticas tipo SubV"
"imported-real-book/c-012-A certain smile.musicxml","A certain smile","ok","B minor","major-functional","9","5","5","0","0","0","0","0","0","0","0","0","0","0","1","0","0","","Predomínio de dominantes simples ou poucas tensões explícitas."
"imported-real-book/c-013-Chameleon.musicxml","Chameleon","ok","C major","minor-functional","73","25","20","4","1","0","0","1","0","4","0","5","1","0","2","0","0","Bb7(#11) -> A7 (color) / Bb7(#11) -> A7 (color) / G7(b9) -> G#° (altered) / Bb7(#11) -> A7 (color) / Bb7(#11) -> A7 (color)","dominantes alteradas com resolução contextual; dominantes coloridas recorrentes; resoluções cromáticas tipo SubV"
"imported-real-book/c-015-Chega de saudade.musicxml","Chega de saudade","ok","Bb major","minor-functional","69","31","14","11","6","0","4","2","0","11","0","0","5","1","5","0.67","0","E9 -> Gm6 (color) / B13 -> B7(#5) (color) / B7(#5) -> E9 (altered) / E9 -> A13sus4 (color) / A13sus4 -> F#m7 (color) / B7(#5) -> E9 (altered) / E9 -> A9sus4 (color) / A9sus4 -> D6 (color)","dominantes alteradas com resolução local; dominantes alteradas com resolução contextual; dominantes coloridas recorrentes"
"imported-real-book/c-017-Cherokee.musicxml","Cherokee","ok","C major","minor-functional","15","5","5","0","0","0","0","0","0","0","0","1","2","0","1","0","0","","resoluções cromáticas tipo SubV"
"imported-real-book/c-018-Cheryl.musicxml","Cheryl","ok","G minor","minor-functional","26","8","7","0","1","0","1","0","0","0","0","0","0","0","0","1","0","D7(b9) -> Gm (altered)","dominantes alteradas com resolução local"
"imported-real-book/c-020-Chick's tune.musicxml","Chick's tune","ok","F major","major-functional","6","2","0","2","0","0","0","0","0","2","0","0","0","0","0","0","0","C13 -> F/Gb (color) / C13 -> fim (color)","dominantes coloridas recorrentes"
"imported-real-book/c-021-Chief Crazy Horse.musicxml","Chief Crazy Horse","ok","D minor","minor-functional","44","18","15","0","3","0","3","0","0","0","0","1","2","0","1","1","0","C7(b9) -> Fm (altered) / D7(b9) -> Gm7 (altered) / A7(b9) -> Dm (altered)","dominantes alteradas com resolução local; resoluções cromáticas tipo SubV"
"imported-real-book/c-022-Come rain or come shine.musicxml","Come rain or come shine","ok","Bb major","blues","36","24","10","9","5","0","4","1","0","9","0","2","1","0","6","0.8","0","Eb9(#11) -> F7 (color) / D7(#5) -> G9 (altered) / G9 -> Cmin9 (color) / F9 -> Bb (color) / C9 -> F7 (color) / Ab13 -> D7(#9) (color) / D7(#9) -> G7(#5) (altered) / G7(#5) -> C9 (altered)","dominantes alteradas com resolução local; dominantes alteradas com resolução contextual; dominantes coloridas recorrentes; resoluções cromáticas tipo SubV"
"imported-real-book/c-024-Comin' home baby.musicxml","Comin' home baby","ok","E major","major-functional","21","10","9","0","1","0","0","1","0","0","0","2","0","0","1","0","0","F7(b9) -> F#m7 (altered)","dominantes alteradas com resolução contextual; resoluções cromáticas tipo SubV"
"imported-real-book/c-025-Con Alma.musicxml","Con Alma","ok","G major","blues","57","32","21","0","11","0","10","1","0","0","0","2","1","4","1","0.91","0","D7(#5) -> G (altered) / D7(#5) -> G (altered) / Daug7 -> Bm7 (altered) / D7(#5) -> G (altered) / D7(#5) -> G (altered) / G7(#5) -> C (altered) / E7(9,#5) -> Eb7(9,#5) (altered) / Eb7(9,#5) -> D7sus4 (altered)","dominantes alteradas com resolução local; dominantes alteradas com resolução contextual; resoluções cromáticas tipo SubV"
"imported-real-book/c-026-Confessin' that i love you.musicxml","Confessin' that i love you","ok","F major","minor-functional","48","19","15","0","2","2","3","1","0","0","0","2","2","0","0","0.75","0","F9(#5) -> Fm7 (altered) / C7(b9) -> F (altered) / F7alt -> Bb (high-altered) / C7alt -> F (high-altered)","dominantes alteradas com resolução local; dominantes alteradas com resolução contextual; resoluções cromáticas tipo SubV"
"imported-real-book/c-027-Confirmation.musicxml","Confirmation","ok","D major","major-functional","26","9","9","0","0","0","0","0","0","0","0","0","3","0","0","0","0","","Predomínio de dominantes simples ou poucas tensões explícitas."
"imported-real-book/c-028-Coquette.musicxml","Coquette","ok","F major","minor-functional","40","12","10","0","2","0","1","1","0","0","0","2","3","0","1","0.5","0","A7(b13) -> D7 (altered) / G7(b9) -> Em7 (altered)","dominantes alteradas com resolução local; dominantes alteradas com resolução contextual; resoluções cromáticas tipo SubV"
"imported-real-book/c-029-Corcovado.musicxml","Corcovado","ok","C minor","minor-functional","42","20","20","0","0","0","0","0","0","0","0","0","6","0","2","0","0","","Predomínio de dominantes simples ou poucas tensões explícitas."
"imported-real-book/c-030-Corner pocket.musicxml","Corner pocket","ok","Ab major","blues","35","16","16","0","0","0","0","0","0","0","0","0","0","0","3","0","0","","Predomínio de dominantes simples ou poucas tensões explícitas."
"imported-real-book/c-031-Cottontail.musicxml","Cottontail","ok","G major","blues","39","11","7","1","3","0","3","0","0","1","0","1","1","0","1","1","0","D7(#5) -> G6 (altered) / G7(b9) -> C (altered) / F9 -> G6 (color) / D7(b9) -> G6 (altered)","dominantes alteradas com resolução local; dominantes coloridas recorrentes; resoluções cromáticas tipo SubV"
"imported-real-book/c-032-Count every star.musicxml","Count every star","ok","Ab major","blues","6","6","5","1","0","0","0","0","0","1","0","1","1","0","0","0","0","D7(#11) -> Db7 (color)","dominantes coloridas recorrentes; resoluções cromáticas tipo SubV"
"imported-real-book/c-033-Cousin Mary.musicxml","Cousin Mary","ok","Bb major","major-functional","32","12","12","0","0","0","0","0","0","0","0","0","2","0","0","0","0","","Predomínio de dominantes simples ou poucas tensões explícitas."
"imported-real-book/c-034-Crazeology.musicxml","Crazeology","ok","Eb major","blues","51","22","9","6","7","0","4","3","0","6","0","5","7","1","1","0.57","0","C7(b9) -> Cm7 (altered) / F9 -> B9 (color) / B9 -> Bb7sus4 (color) / D7(#9) -> Gm (altered) / Eb7(#11) -> D7(b9) (color) / D7(b9) -> Gm7 (altered) / Ab7(#9) -> D7(b9) (altered) / D7(b9) -> Gm7 (altered)","dominantes alteradas com resolução local; dominantes alteradas com resolução contextual; dominantes coloridas recorrentes; resoluções cromáticas tipo SubV"
"imported-real-book/c-035-Cry me a river.musicxml","Cry me a river","ok","A minor","minor-functional","46","13","7","0","6","0","4","2","0","0","0","0","0","2","5","0.67","0","E7(b9) -> Am (altered) / E7(#9) -> Dm (altered) / E7(#9) -> F (altered) / B7(b13) -> E7 (altered) / E7(b9) -> Am (altered) / E7(b9) -> Am (altered)","dominantes alteradas com resolução local; dominantes alteradas com resolução contextual"
"imported-real-book/c-036-Crystal silence.musicxml","Crystal silence","ok","Bb major","blues","47","37","30","2","3","2","5","0","0","2","0","6","0","1","1","1","0","F7(#5) -> Bb7 (altered) / G7(#5) -> Cm7 (altered) / D7alt -> G9 (high-altered) / G9 -> C7alt (color) / C7alt -> F9(#11) (high-altered) / F9(#11) -> Bb7 (color) / G7(#5) -> Cm7 (altered)","dominantes alteradas com resolução local; dominantes coloridas recorrentes; resoluções cromáticas tipo SubV"
"imported-real-book/d-002-D natural blues.musicxml","D natural blues","ok","Eb major","minor-functional","38","17","17","0","0","0","0","0","0","0","0","3","0","0","0","0","0","","resoluções cromáticas tipo SubV"
"imported-real-book/d-003-Daahood.musicxml","Daahood","ok","F minor","minor-functional","38","15","4","4","6","1","3","2","2","3","1","7","1","0","2","0.43","0.29","Ab7(#11) -> Gb7(#11) (color) / Gb7(#11) -> Fm7 (color) / D7(#11,b9) -> Db7 (altered) / C7(b9) -> B7(#11) (altered) / B7(#11) -> Bb7(b9) (color) / Bb7(b9) -> E(b5) (altered) / C7(b13) -> Abm7 (altered) / Bb13(b9) -> A (altered)","dominantes alteradas com resolução local; dominantes alteradas com resolução contextual; dominantes alteradas sem alvo imediato; dominantes coloridas recorrentes; resoluções cromáticas tipo SubV"
"imported-real-book/d-004-Dancing in the dark.musicxml","Dancing in the dark","ok","F major","blues","35","12","9","0","3","0","3","0","0","0","0","0","0","0","2","1","0","F7(#5) -> Bb (altered) / D7(b9) -> Gm7 (altered) / F7(#5) -> Bb (altered)","dominantes alteradas com resolução local"
"imported-real-book/d-005-Dancing on the ceiling.musicxml","Dancing on the ceiling","ok","A minor","minor-functional","58","24","23","0","1","0","1","0","0","0","0","3","3","0","3","1","0","C7(b9) -> Fm7 (altered)","dominantes alteradas com resolução local; resoluções cromáticas tipo SubV"
"imported-real-book/d-006-Darn that dream.musicxml","Darn that dream","ok","C minor","minor-functional","37","14","12","0","2","0","2","0","0","0","0","3","5","0","0","1","0","G7(#5) -> Cm (altered) / G7(#5) -> Cm (altered)","dominantes alteradas com resolução local; resoluções cromáticas tipo SubV"
"imported-real-book/d-008-Day of wine and roses.musicxml","Day of wine and roses","ok","Eb major","major-functional","36","11","11","0","0","0","0","0","0","0","0","0","0","0","0","0","0","","Predomínio de dominantes simples ou poucas tensões explícitas."
"imported-real-book/d-009-Dear John.musicxml","Dear John","ok","D minor","minor-functional","33","10","2","1","7","0","7","0","0","1","0","1","0","0","1","1","0","A7(b9) -> Dm6 (altered) / Bb7(b5) -> A7(b9) (altered) / A7(b9) -> Dm7 (altered) / A7(b9) -> Dm (altered) / A7(b9) -> Dm (altered) / A7(#9) -> Dm (altered) / C9sus4 -> A7(b9) (color) / A7(b9) -> Dm6 (altered)","dominantes alteradas com resolução local; dominantes coloridas recorrentes; resoluções cromáticas tipo SubV"
"imported-real-book/d-010-Dear old Stockholm.musicxml","Dear old Stockholm","ok","C major","major-functional","27","11","10","0","1","0","0","1","0","0","0","1","4","1","0","0","0","D7(b9) -> Dm7 (altered)","dominantes alteradas com resolução contextual; resoluções cromáticas tipo SubV"
"imported-real-book/d-011-Dearly beloved.musicxml","Dearly beloved","ok","C major","blues","30","14","5","9","0","0","0","0","0","9","0","0","0","0","0","0","0","C9 -> F6 (color) / D9 -> G9 (color) / G9 -> C (color) / C9 -> F (color) / D9 -> G9 (color) / G9 -> C (color) / C9 -> F6 (color) / D9 -> G9 (color)","dominantes coloridas recorrentes"
"imported-real-book/d-012-Deed i do.musicxml","Deed i do","ok","F major","blues","43","15","10","3","2","0","2","0","0","2","1","2","0","4","0","1","0","C7(13) -> F (color) / C7(#5) -> F (altered) / C7(13) -> F (color) / C7(#5) -> F (altered) / Bb9 -> F (color)","dominantes alteradas com resolução local; dominantes coloridas recorrentes; resoluções cromáticas tipo SubV"
"imported-real-book/d-013-Deep purple.musicxml","Deep purple","ok","Eb minor","minor-functional","24","7","2","4","1","0","0","1","0","2","2","2","2","0","0","0","0","B7(b5) -> Bm7 (altered) / A7(#11) -> Ab7(#11) (color) / Ab7(#11) -> F#m7 (color) / A7(#11) -> Ab7(#11) (color) / Ab7(#11) -> F#m7 (color)","dominantes alteradas com resolução contextual; dominantes coloridas recorrentes; resoluções cromáticas tipo SubV"
"imported-real-book/d-014-Deluge.musicxml","Deluge","ok","A major","blues","29","12","4","0","8","0","5","3","0","0","0","1","1","1","2","0.63","0","G7(b5) -> Gm7 (altered) / C7(b9) -> Am7(b5) (altered) / D7(b9) -> Gm7 (altered) / A7(b9) -> D7 (altered) / D7(b9) -> G7(b9) (altered) / G7(b9) -> Gb (altered) / Gb7(b5) -> Gm7 (altered) / E7(#9) -> A (altered)","dominantes alteradas com resolução local; dominantes alteradas com resolução contextual; resoluções cromáticas tipo SubV"
"imported-real-book/d-015-Desafinado.musicxml","Desafinado","ok","F major","blues","78","37","20","8","4","5","4","5","0","7","1","5","10","1","3","0.44","0","C7(b9) -> F (altered) / G7(b5) -> Gm7 (altered) / C7(b9) -> Am7(b5) (altered) / Eb9 -> G7 (color) / F#13 -> B7alt (color) / B7alt -> F (high-altered) / Bb13 -> C (color) / Ab13 -> Dm7 (color)","dominantes alteradas com resolução local; dominantes alteradas com resolução contextual; dominantes coloridas recorrentes; resoluções cromáticas tipo SubV"
"imported-real-book/d-017-Detour ahead.musicxml","Detour ahead","ok","Bb major","blues","40","19","15","0","2","2","4","0","0","0","0","1","5","0","2","1","0","F7(b9) -> Bb7 (altered) / F7alt -> Bb (high-altered) / F7(b9) -> Bb7 (altered) / F7alt -> Bb (high-altered)","dominantes alteradas com resolução local; resoluções cromáticas tipo SubV"
"imported-real-book/d-018-Dexterity.musicxml","Dexterity","ok","G major","major-functional","36","11","9","1","1","0","1","0","0","1","0","2","2","0","0","1","0","C9 -> B7(b9) (color) / B7(b9) -> Em7 (altered)","dominantes alteradas com resolução local; dominantes coloridas recorrentes; resoluções cromáticas tipo SubV"
"imported-real-book/d-019-Dinah.musicxml","Dinah","ok","Eb major","minor-functional","40","7","0","2","5","0","5","0","0","2","0","0","0","0","1","1","0","G13 -> Eb (color) / Eb7(b9) -> Ab (altered) / D7(b9) -> Gm (altered) / C7(b9) -> Fm (altered) / Bb7(b9) -> Eb (altered) / Eb7(b9) -> Ab (altered) / Db13 -> fim (color)","dominantes alteradas com resolução local; dominantes coloridas recorrentes"
"imported-real-book/d-020-Dindi.musicxml","Dindi","ok","Gb major","blues","52","24","16","6","2","0","2","0","0","6","0","0","2","1","2","1","0","Ab9(#11) -> Bb (color) / G7(#5) -> C7 (altered) / F13 -> Bb6 (color) / F9sus4 -> F7 (color) / G9 -> C7 (color) / Ab9(#11) -> Bb (color) / G7(#5) -> C7 (altered) / F13 -> Bb6 (color)","dominantes alteradas com resolução local; dominantes coloridas recorrentes"
"imported-real-book/d-021-Do nothing'til you hear from me.musicxml","Do nothing'til you hear from me","ok","C major","major-functional","53","20","17","0","3","0","3","0","0","0","0","2","2","1","0","1","0","G7(#5) -> C (altered) / G7(#5) -> C (altered) / G7(#5) -> C (altered)","dominantes alteradas com resolução local; resoluções cromáticas tipo SubV"
"imported-real-book/d-022-Do you know what it means to miss New Orleans -.musicxml","Do you know what it means to miss New Orleans ?","ok","G major","blues","37","13","3","8","2","0","0","2","0","6","2","4","4","0","3","0","0","Ab9(#11) -> Cm7 (color) / D13 -> G (color) / G13sus4 -> A/G (color) / F13sus4 -> F13(b9) (color) / F13(b9) -> F13sus4 (altered) / F13sus4 -> Em9 (color) / A13 -> Eb9(#11) (color) / Eb9(#11) -> Am7 (color)","dominantes alteradas com resolução contextual; dominantes coloridas recorrentes; resoluções cromáticas tipo SubV"
"imported-real-book/d-023-Dolphin dance.musicxml","Dolphin dance","ok","Ab major","major-functional","40","18","14","0","3","1","1","2","1","0","0","1","3","0","2","0.25","0.25","Bb13(b9)/Eb -> C7(#9)/Eb (altered) / C7(#9)/Eb -> G7alt (altered) / G7alt -> D/E (high-altered) / C7(#9) -> Fm (altered)","dominantes alteradas com resolução local; dominantes alteradas com resolução contextual; dominantes alteradas sem alvo imediato; resoluções cromáticas tipo SubV"
"imported-real-book/d-025-Donna Lee.musicxml","Donna Lee","ok","C major","blues","44","18","18","0","0","0","0","0","0","0","0","2","3","0","2","0","0","","resoluções cromáticas tipo SubV"
"imported-real-book/d-026-Don't blame me.musicxml","Don't blame me","ok","C major","blues","45","23","17","5","1","0","1","0","0","5","0","6","0","3","0","1","0","G13 -> C (color) / G13sus4 -> G13 (color) / G13 -> C6 (color) / B7(b9) -> Em7 (altered) / G13sus4 -> G13 (color) / G13 -> C6 (color)","dominantes alteradas com resolução local; dominantes coloridas recorrentes; resoluções cromáticas tipo SubV"
"imported-real-book/d-028-Don't go to strangers.musicxml","Don't go to strangers","ok","C major","blues","43","15","14","0","1","0","1","0","0","0","0","1","2","0","2","1","0","A7(b9) -> Dm7 (altered)","dominantes alteradas com resolução local; resoluções cromáticas tipo SubV"
"imported-real-book/d-029-Don't take your love from me.musicxml","Don't take your love from me","ok","Db major","blues","31","5","4","1","0","0","0","0","0","1","0","0","0","0","0","0","0","Eb9 -> Abm9 (color)","dominantes coloridas recorrentes"
"imported-real-book/d-030-Doodlin'.musicxml","Doodlin'","ok","G minor","minor-functional","41","19","19","0","0","0","0","0","0","0","0","6","5","1","3","0","0","","resoluções cromáticas tipo SubV"
"imported-real-book/d-031-Douce ambiance.musicxml","Douce ambiance","ok","F minor","minor-functional","24","21","20","0","1","0","1","0","0","0","0","3","1","0","2","1","0","F7(#5) -> Bb7 (altered)","dominantes alteradas com resolução local; resoluções cromáticas tipo SubV"
"imported-real-book/e-002-E.S.P..musicxml","E.S.P.","ok","C major","minor-functional","43","21","11","8","2","0","2","0","0","8","0","10","2","0","1","1","0","G13 -> Em7 (color) / D13 -> Dm7 (color) / G13 -> C9 (color) / C9 -> Cm7 (color) / F13 -> Bb (color) / Eb13 -> D (color) / C9 -> B7(#9) (color) / B7(#9) -> Bb7 (altered)","dominantes alteradas com resolução local; dominantes coloridas recorrentes; resoluções cromáticas tipo SubV"
"imported-real-book/e-003-Early autumn.musicxml","Early autumn","ok","E minor","minor-functional","44","18","12","2","4","0","4","0","0","2","0","4","3","2","0","1","0","C7(#11) -> Bm7 (color) / B7(#5) -> Em7 (altered) / D7(b9) -> G (altered) / C7(#11) -> Bm7 (color) / B7(b9) -> Em7 (altered) / D7(b9) -> G6/9 (altered)","dominantes alteradas com resolução local; dominantes coloridas recorrentes; resoluções cromáticas tipo SubV"
"imported-real-book/e-005-Easy living.musicxml","Easy living","ok","C major","major-functional","25","8","8","0","0","0","0","0","0","0","0","1","0","1","2","0","0","","resoluções cromáticas tipo SubV"
"imported-real-book/e-006-Easy to love.musicxml","Easy to love","ok","Eb major","major-functional","41","20","20","0","0","0","0","0","0","0","0","0","1","0","5","0","0","","Predomínio de dominantes simples ou poucas tensões explícitas."
"imported-real-book/e-007-Eclypso.musicxml","Eclypso","ok","Gb major","major-functional","24","23","0","23","0","0","0","0","0","22","1","0","6","2","1","0","0","F9sus4 -> Bb9sus4 (color) / Bb9sus4 -> Gb/Bb (color) / F9sus4 -> Bb9sus4 (color) / Bb9sus4 -> F9sus4 (color) / F9sus4 -> C9sus4 (color) / C9sus4 -> Bb9sus4 (color) / Bb9sus4 -> F9sus4 (color) / F9sus4 -> F9sus4 (color)","dominantes coloridas recorrentes"
"imported-real-book/e-008-Eighty one.musicxml","Eighty one","ok","F minor","minor-functional","16","3","2","0","1","0","0","1","0","0","0","0","0","0","1","0","0","Bb7(b9) -> C7 (altered)","dominantes alteradas com resolução contextual"
"imported-real-book/e-009-El gaucho.musicxml","El gaucho","ok","A minor","minor-functional","45","22","5","9","5","3","8","0","0","8","1","2","1","4","1","1","0","D9 -> D7(b9) (color) / D7(b9) -> G (altered) / G13(b9) -> C (altered) / F13 -> E (color) / B7(b9) -> Em7 (altered) / A13 -> Am7 (color) / D7alt -> G (high-altered) / D9sus4 -> D7alt (color)","dominantes alteradas com resolução local; dominantes coloridas recorrentes; resoluções cromáticas tipo SubV"
"imported-real-book/e-010-Emily.musicxml","Emily","ok","F major","minor-functional","56","20","20","0","0","0","0","0","0","0","0","4","7","0","0","0","0","","resoluções cromáticas tipo SubV"
"imported-real-book/e-011-End of a love affair.musicxml","End of a love affair","ok","F# minor","minor-functional","59","55","54","1","0","0","0","0","0","1","0","20","0","0","31","0","0","Gb7(#11) -> fim (color)","dominantes coloridas recorrentes; resoluções cromáticas tipo SubV"
"imported-real-book/e-013-Equinox.musicxml","Equinox","ok","G major","blues","40","16","12","0","3","1","3","1","0","0","0","5","4","0","1","0.75","0","D7(#5) -> G (altered) / D7(#5) -> G (altered) / Bb7(b5) -> Bbm7 (altered) / D7(b9,b13) -> G (high-altered)","dominantes alteradas com resolução local; dominantes alteradas com resolução contextual; resoluções cromáticas tipo SubV"
"imported-real-book/e-014-Eronel.musicxml","Eronel","ok","F major","blues","38","14","13","0","1","0","0","1","0","0","0","0","3","0","4","0","0","E7(b9) -> fim (altered)","dominantes alteradas com resolução contextual"
"imported-real-book/e-015-Estaté.musicxml","Estaté","ok","D minor","minor-functional","34","20","18","1","1","0","1","0","0","1","0","1","0","5","1","1","0","C7(#5) -> F6 (altered) / Bb9 -> A7 (color)","dominantes alteradas com resolução local; dominantes coloridas recorrentes; resoluções cromáticas tipo SubV"
"imported-real-book/e-016-Everybody loves my baby.musicxml","Everybody loves my baby","ok","C minor","minor-functional","59","24","14","6","1","3","3","1","0","6","0","6","6","0","1","0.75","0","Ab9 -> Dm7 (color) / G9 -> Cm7 (color) / Bb7alt -> Eb (high-altered) / Bb7alt -> Eb (high-altered) / A7alt -> D (high-altered) / F9sus4 -> F7 (color) / Ab9 -> Dm7 (color) / G9 -> Cm7 (color)","dominantes alteradas com resolução local; dominantes alteradas com resolução contextual; dominantes coloridas recorrentes; resoluções cromáticas tipo SubV"
"imported-real-book/e-018-Everything's coming up roses.musicxml","Everything's coming up roses","ok","F minor","minor-functional","34","17","17","0","0","0","0","0","0","0","0","2","2","0","1","0","0","","resoluções cromáticas tipo SubV"
"imported-real-book/e-019-Evidence.musicxml","Evidence","ok","C major","blues","37","15","10","5","0","0","0","0","0","5","0","0","0","0","2","0","0","D9 -> G7 (color) / D9 -> G7 (color) / Bb9 -> C6 (color) / G9 -> C6 (color) / D9 -> G7 (color)","dominantes coloridas recorrentes"
"imported-real-book/e-020-Exactly like you.musicxml","Exactly like you","ok","F minor","minor-functional","16","8","8","0","0","0","0","0","0","0","0","2","0","0","3","0","0","","resoluções cromáticas tipo SubV"
"imported-real-book/f-004-Fair weather.musicxml","Fair weather","ok","Eb major","major-functional","30","8","8","0","0","0","0","0","0","0","0","1","0","0","0","0","0","","resoluções cromáticas tipo SubV"
"imported-real-book/f-005-Falling grace.musicxml","Falling grace","ok","Db major","minor-functional","42","11","10","0","1","0","1","0","0","0","0","1","2","0","0","1","0","Ab7(b9) -> Db (altered)","dominantes alteradas com resolução local; resoluções cromáticas tipo SubV"
"imported-real-book/f-006-Far Wes.musicxml","Far Wes","ok","G minor","minor-functional","57","21","2","14","5","0","3","2","0","14","0","1","3","0","6","0.6","0","G13 -> F/G (color) / F13 -> Gm7 (color) / G13 -> F/G (color) / F13 -> Gm7 (color) / G13 -> F/G (color) / F13 -> Gm7 (color) / G7(#9) -> Cm7 (altered) / F13 -> Bb (color)","dominantes alteradas com resolução local; dominantes alteradas com resolução contextual; dominantes coloridas recorrentes; resoluções cromáticas tipo SubV"
"imported-real-book/f-007-Favela.musicxml","Favela","ok","G minor","minor-functional","33","20","15","0","5","0","5","0","0","0","0","6","2","0","3","1","0","D7(#9) -> Gm7 (altered) / D7(#9) -> Gm7 (altered) / C7(b9) -> F7 (altered) / D7(#9) -> Gm7 (altered) / D7(#9) -> Dbmaj7 (altered)","dominantes alteradas com resolução local; resoluções cromáticas tipo SubV"
"imported-real-book/f-008-Fee-fi-fo-fum.musicxml","Fee-fi-fo-fum","ok","Eb major","blues","20","9","6","2","1","0","1","0","0","2","0","3","0","0","2","1","0","Bb13sus4 -> Eb (color) / Bb13sus4 -> Eb (color) / A7(b5) -> Ab (altered)","dominantes alteradas com resolução local; dominantes coloridas recorrentes; resoluções cromáticas tipo SubV"
"imported-real-book/f-009-Feel like making love.musicxml","Feel like making love","ok","G minor","minor-functional","38","10","9","0","1","0","1","0","0","0","0","0","0","3","1","1","0","A7(#5) -> Dm (altered)","dominantes alteradas com resolução local"
"imported-real-book/f-010-Feels so good.musicxml","Feels so good","ok","C minor","minor-functional","80","28","14","2","12","0","11","1","0","0","2","1","2","5","0","0.92","0","Ab9 -> Cm (color) / D7(b9) -> Gm (altered) / C7(b9) -> Fm7 (altered) / A7(b5) -> Ab (altered) / G7(#5) -> Cm (altered) / Bb7(b9) -> Eb (altered) / Eb7(#5) -> Ab6 (altered) / D7(#5) -> Am7(b5) (altered)","dominantes alteradas com resolução local; dominantes alteradas com resolução contextual; dominantes coloridas recorrentes; resoluções cromáticas tipo SubV"
"imported-real-book/f-011-Felicidade.musicxml","Felicidade","ok","F minor","minor-functional","17","7","2","0","5","0","3","2","0","0","0","1","1","0","0","0.6","0","Eb7(b9) -> Ab7 (altered) / C7(b9) -> Fm (altered) / G7(b9) -> C7(b9) (altered) / C7(b9) -> G7(b9) (altered) / G7(b9) -> Gm7(b5)/C (altered)","dominantes alteradas com resolução local; dominantes alteradas com resolução contextual; resoluções cromáticas tipo SubV"
"imported-real-book/f-013-Fever.musicxml","Fever","ok","Ab major","blues","52","48","13","28","5","2","4","3","0","25","3","7","6","2","19","0.57","0","Ab13 -> A13 (color) / A13 -> Bb13 (color) / Bb13 -> E13 (color) / E13 -> F13 (color) / F13 -> Gb13 (color) / Gb13 -> Dm7(b5) (color) / G7alt -> Cm7(b5) (high-altered) / F7sus4(b9) -> Bb7(#9) (altered)","dominantes alteradas com resolução local; dominantes alteradas com resolução contextual; dominantes coloridas recorrentes; resoluções cromáticas tipo SubV"
"imported-real-book/f-014-Filthy McNasty.musicxml","Filthy McNasty","ok","Eb major","minor-functional","28","5","5","0","0","0","0","0","0","0","0","0","1","0","0","0","0","","Predomínio de dominantes simples ou poucas tensões explícitas."
"imported-real-book/f-015-Firm roots.musicxml","Firm roots","ok","C major","blues","43","17","17","0","0","0","0","0","0","0","0","4","2","0","2","0","0","","resoluções cromáticas tipo SubV"
"imported-real-book/f-017-500 miles high.musicxml","500 miles high","ok","Bb minor","minor-functional","9","3","1","2","0","0","0","0","0","2","0","1","0","0","0","0","0","Gb13 -> F13 (color) / F13 -> Bbm7 (color)","dominantes coloridas recorrentes; resoluções cromáticas tipo SubV"
"imported-real-book/f-018-Five spot after dark.musicxml","Five spot after dark","ok","F major","minor-functional","40","17","8","9","0","0","0","0","0","6","3","4","2","0","0","0","0","Bb9 -> Db9 (color) / Db9 -> Gm7 (color) / B13 -> Bbm7 (color) / Eb9 -> Ab (color) / Gb13 -> F13 (color) / F13 -> Bbm7 (color) / Eb9 -> Gm7(11) (color) / Bb9 -> Db9 (color)","dominantes coloridas recorrentes; resoluções cromáticas tipo SubV"
"imported-real-book/f-019-Flamingo.musicxml","Flamingo","ok","C major","major-functional","37","14","14","0","0","0","0","0","0","0","0","1","4","0","0","0","0","","resoluções cromáticas tipo SubV"
"imported-real-book/f-020-Fly me to the moon.musicxml","Fly me to the moon","ok","Eb major","blues","49","30","28","1","1","0","1","0","0","1","0","8","1","1","7","1","0","E9 -> Eb6 (color) / Bb7(#9) -> Eb (altered)","dominantes alteradas com resolução local; dominantes coloridas recorrentes; resoluções cromáticas tipo SubV"
"imported-real-book/f-021-Flying home.musicxml","Flying home","ok","C major","major-functional","35","14","12","0","2","0","1","1","0","0","0","1","2","0","1","0.5","0","D7(b5) -> Am7 (altered) / Bb7(b5) -> A7 (altered)","dominantes alteradas com resolução local; dominantes alteradas com resolução contextual; resoluções cromáticas tipo SubV"
"imported-real-book/f-023-Footprints.musicxml","Footprints","ok","Eb major","major-functional","42","19","12","7","0","0","0","0","0","6","1","2","4","1","0","0","0","F9 -> Fm7 (color) / Bb13 -> Dm7(b5) (color) / Bb13 -> Eb (color) / Db9(#11) -> C9sus4 (color) / C9sus4 -> Bbm6(9) (color) / B9(#11) -> Bb9sus4 (color) / Bb9sus4 -> Bb7 (color)","dominantes coloridas recorrentes; resoluções cromáticas tipo SubV"
"imported-real-book/f-024-For all we know.musicxml","For all we know","ok","Db major","blues","61","22","22","0","0","0","0","0","0","0","0","4","5","0","3","0","0","","resoluções cromáticas tipo SubV"
"imported-real-book/f-025-For regulars only.musicxml","For regulars only","ok","F major","major-functional","67","23","17","3","3","0","3","0","0","3","0","0","0","3","3","1","0","C9(#5) -> F (altered) / G9 -> C7 (color) / C9(#5) -> F (altered) / G9 -> C7 (color) / C9(#5) -> F (altered) / Eb9 -> F (color)","dominantes alteradas com resolução local; dominantes coloridas recorrentes"
"imported-real-book/f-026-For sentimentals reasons.musicxml","For sentimentals reasons","ok","C major","minor-functional","23","6","4","0","2","0","2","0","0","0","0","1","1","0","0","1","0","G7(b9) -> C (altered) / B7(#9) -> Bb (altered)","dominantes alteradas com resolução local; resoluções cromáticas tipo SubV"
"imported-real-book/f-028-Four.musicxml","Four","ok","Ab major","major-functional","40","17","10","5","2","0","2","0","0","5","0","0","2","0","0","1","0","Bb9 -> Bbm7 (color) / Eb7(#5) -> Ab (altered) / F9 -> Bbm7 (color) / F9 -> Bbm7 (color) / Bb9 -> Bbm7 (color) / Eb7(#5) -> Ab (altered) / F9 -> Bbm7 (color)","dominantes alteradas com resolução local; dominantes coloridas recorrentes"
"imported-real-book/f-030-Four on six.musicxml","Four on six","ok","Bb major","blues","9","9","9","0","0","0","0","0","0","0","0","0","2","0","1","0","0","","Predomínio de dominantes simples ou poucas tensões explícitas."
"imported-real-book/f-032-Freedom jazz dance.musicxml","Freedom jazz dance","ok","F minor","minor-functional","22","12","7","1","4","0","2","2","0","1","0","4","3","1","1","0.5","0","E7(#5) -> Ebm7 (altered) / Ab7(#9) -> F7(#9) (altered) / F7(#9) -> Bbm7 (altered) / Eb7(#9) -> Eb7 (altered) / Ab7(#11) -> fim (color)","dominantes alteradas com resolução local; dominantes alteradas com resolução contextual; dominantes coloridas recorrentes; resoluções cromáticas tipo SubV"
"imported-real-book/f-033-Freight trane.musicxml","Freight trane","ok","F major","blues","51","48","0","46","0","2","1","1","0","43","3","17","9","1","6","0.5","0","C13sus4 -> C13 (color) / C13 -> Bb13sus4 (color) / Bb13sus4 -> Bb13 (color) / Bb13 -> C13sus4 (color) / C13sus4 -> C13 (color) / C13 -> Bb13sus4 (color) / Bb13sus4 -> Bb13 (color) / Bb13 -> C13sus4 (color)","dominantes alteradas com resolução local; dominantes alteradas com resolução contextual; dominantes coloridas recorrentes; resoluções cromáticas tipo SubV"
"imported-real-book/f-034-Friday night at the Cadillac club.musicxml","Friday night at the Cadillac club","ok","F minor","minor-functional","33","11","5","2","4","0","3","1","0","2","0","0","1","0","4","0.75","0","D9(#5) -> Eb (altered) / C7(b9) -> Fm7 (altered) / F7(#11) -> Fm7 (color) / Bb7(13) -> C7(b9) (color) / C7(b9) -> Fm7 (altered) / Bb7(b9) -> Eb (altered)","dominantes alteradas com resolução local; dominantes alteradas com resolução contextual; dominantes coloridas recorrentes"
"imported-real-book/f-035-Fried bananas.musicxml","Fried bananas","ok","F major","major-functional","36","0","0","0","0","0","0","0","0","0","0","0","0","0","0","0","0","","Predomínio de dominantes simples ou poucas tensões explícitas."
"imported-real-book/f-036-Friends and strangers.musicxml","Friends and strangers","ok","F minor","minor-functional","59","12","12","0","0","0","0","0","0","0","0","3","1","0","0","0","0","","resoluções cromáticas tipo SubV"
